title,url,incident_type,date,location,victim_identity,description,confidence,severity,source_name,verified,lat,lng
Community Condemns Attack On Transgender Person On The Gold Coast,http://www.starobserver.com.au/news/community-condemns-attack-on-transgender-person-on-the-gold-coast/239547,assault,2024-11-01,"Broadbeach, QLD",trans,"A 25-year-old transgender person was physically assaulted by a group of youths on a tram to Broadbeach. The attackers targeted the victim after noticing an LGBTQIA+ sticker on their backpack, indicating a hate-motivated crime.",95,medium,starobserver.com.au,,,
Anti - Trans Activist Kirralie Smith Ordered To Pay Almost $100k & Issue Public Apology Following Vilification Ruling,https://www.starobserver.com.au/news/anti-trans-activist-kirralie-smith-ordered-to-pay-almost-100k-issue-public-apology-following-vilification-ruling/239923,hate_speech,,"NSW, Australia",trans,"Kirralie Smith was found to have vilified two trans women by publishing posts on X, broadcasting their faces, names, and locations of their games. The court ruled that these actions incited hatred and serious contempt.",95,medium,starobserver.com.au,,,
Trans Day Of Remembrance 2025 Vigils & Events Across Australia,https://www.starobserver.com.au/news/trans-day-of-remembrance-2025-vigils-events-across-australia/239763,murder,2024-10-01,"Tiwi Islands, NT",trans,"An unnamed sistergirl from the Tiwi Islands was murdered by a family member. The incident occurred between October 1, 2024, and September 30, 2025, as reported by Remembering Our Dead.",95,high,starobserver.com.au,,,
  You Wanna Get Shot ?: Cairns Court Shown Shocking Footage of Violent Grindr Attack,http://www.starobserver.com.au/news/you-wanna-get-shot-cairns-court-shown-shocking-footage-of-violent-grindr-attack/239106,assault,2024-10-22,"Smithfield, QLD",gay,"Three men lured a man via Grindr and violently assaulted him outside the Smithfield library. The perpetrators punched, threw, and dragged the victim, demanding money and bank details while threatening him with further violence and exposure.",95,high,starobserver.com.au,,,
Man becomes first to be convicted of hate speech against trans people in NSW,https://www.theguardian.com/australia-news/2025/nov/21/man-becomes-first-to-be-convicted-of-hate-speech-against-trans-people-in-nsw-ntwnfb,hate_speech,2024-03-01,"Sydney, NSW",trans,A man was convicted of hate speech for posting violent comments against transgender people on YouTube between March and May 2024. The comments included calls for violence and genocide against trans people. The man was sentenced to a 12-month community correction order.,95,high,theguardian.com,,,
Pauline Hanson Shares Grandson Gender Question As Part Of Binary Australia Campaign,http://www.starobserver.com.au/news/pauline-hanson-shares-grandsons-gender-question-as-part-of-binary-australia-campaign/239474,hate_speech,,"Unknown, NSW",trans,"Binary Australia and Kirralie Smith were found to have unlawfully vilified two trans women in social media posts. This marks the first time someone has been found to have unlawfully vilified a person for being trans under NSW law. They could be made to pay up to $100,000 in damages for vilifying one woman, with Smith facing a further $100,000 for vilifying another.",95,medium,starobserver.com.au,,,
WA Police Investigate Anti - Trans Stickers In Perth Parks,https://www.starobserver.com.au/news/wa-police-investigate-anti-trans-stickers-in-perth-parks/240329,vandalism,2023-12-10,"Subiaco, WA",trans,"Anti-transgender stickers were placed in public areas around Subiaco, including near a library, parks, and a local school. The stickers, which appeared on water fountains and playground equipment, contained the message ""Trans Women Are Real Men."" Contractors have removed the stickers 38 times since July.",90,medium,starobserver.com.au,,,
Binary Australia Raise More Than $250k For Anti - Trans Activist Legal Fees,https://www.starobserver.com.au/news/binary-australia-raise-more-than-250k-for-anti-trans-activists-legal-fees/239669,hate_speech,2023-08-01,"Unknown, Australia",trans,Binary Australia and Kirralie Smith were found to have vilified two trans women in a series of social media posts. Smith and Binary are liable for damages for vilifying the women. Binary Australia has pivoted to targeting transgender rights after campaigning against same-sex marriage.,90,medium,starobserver.com.au,,,
Victoria Police apologises for misgendering transwoman after two - year legal battle,https://www.abc.net.au/news/2025-12-08/victoria-police-apologises-for-misgendering-transwoman/106086058,discrimination,2023-07-01,"Bendigo, VIC",trans,"A transgender woman was misgendered and incorrectly referred to men's support services by Victoria Police after seeking help for family violence. The police fought a two-year legal battle, disputing any wrongdoing, causing the victim delayed access to LGBTQIA+ support services. Police paperwork incorrectly categorized her as male and suggested possible drug use and pregnancy.",90,medium,abc.net.au,,,
"Darwin , Hobart and Canberra will all have no queer bars or clubs by the end of 2025",https://www.abc.net.au/news/2025-11-04/queer-spaces-disappearing-australian-nightlife/105958852,assault,,"Canberra, ACT",unknown,Jaden was punched by a stranger in a homophobic attack while on a night out with his friends. The attack occurred nine months ago in Canberra. Jaden now experiences anxiety about returning to the party strip.,90,medium,abc.net.au,,,
"Advocates say transgender women at risk in prison , amid NT ban debate",https://www.sbs.com.au/news/article/nt-advocates-share-incarcerated-trans-womens-stories-amid-ban-debate/8mpeirml0,discrimination,,"Northern Territory, Australia",trans,"Advocates in the Northern Territory are criticizing the Chief Minister's rhetoric around banning transgender women from female jails, arguing it will lead to violence and discrimination. The NT Anti-Discrimination Commissioner warned that denying transgender people access to accommodation suited to their needs could amount to unlawful discrimination.",90,medium,sbs.com.au,,,
Victorian inquiry hears from regional cult survivors about their isolation and shame,https://www.abc.net.au/news/2025-10-15/cult-inquiry-victorian-parliamentary-hearings-city-builders/105884274,discrimination,,rural northern Victoria,queer,Laura McConnell was pushed out of the Truth Two by Twos cult for being a queer kid who did not want to get married and have children. She wanted to get an education and a career and pushed back on gender norms and behaviours.,85,medium,abc.net.au,,,
LGBTQ+ Groups Furious After Mardi Gras Campaign Letter Inadvertently Outs Queer Student,http://www.starobserver.com.au/news/lgbtq-groups-furious-after-mardi-gras-campaign-letter-inadvertently-outs-queer-student/239615,discrimination,,"Sydney, NSW",queer,"A young queer student was inadvertently outed to her homophobic parents due to a Mardi Gras campaign letter being sent to her home. The student's mother intercepted the letter, leading to a confrontation and damage to their relationship. The incident has caused the student anxiety and fear about being involved in queer communities.",75,medium,starobserver.com.au,,,
Liberal MP sister says father church is a  cult  where  gay conversion  practices may still be happening | Victoria,https://www.theguardian.com/australia-news/2025/oct/13/victoria-cults-inquiry-city-builders-church-gay-conversion-practices-ntwnfb,hate_speech,,"Sale, VIC",gay,"A witness has stated that a church may still be conducting gay conversion practices which have been described as torture by the UN. These practices are illegal in Victoria. This occurred at City Builders Church in Sale, Victoria.",75,medium,theguardian.com,,,
Australia | Incendios forestales | Steven Anderson | Pastor anti - gay afirma que desastres naturales es castigo de Dios porque fue expulsado del país | homosexualidad | LGBTI | rddr | Mundo,https://larepublica.pe/mundo/2020/01/07/australia-incendios-forestales-steven-anderson-pastor-anti-gay-afirma-que-desastres-naturales-es-castigo-de-dios-porque-fue-expulsado-del-pais-homosexualidad-lgbti-rddr/,hate_speech,,Australia-wide (banned speaker),LGBTI,"Pastor Steven Anderson, known for his anti-gay views, claimed that natural disasters in Australia were punishment from God because he was banned from the country. This statement targets the LGBTI community and spreads hate towards them.",70,medium,historical_discovery,,-33.8688,151.2093
Andy Meddick transgender daughter Kielan attacked on the street | news . com . au Australia leading news site,https://www.news.com.au/national/victoria/andy-meddicks-daughter-kielan-attacked-on-the-street/news-story/3b9a619864793bed195d8227d875d319,assault,,"Geelong, Victoria",transgender,Andy Meddick's transgender daughter Kielan was physically attacked on the street in an apparent hate crime incident.,70,high,historical_discovery,,-38.1499,144.3617
Rainbow Story Time with drag queen Betty Confetti cancelled after threats received | The Canberra Times,https://www.canberratimes.com.au/story/8197237/it-ties-everyones-hands-goulburn-drag-reading-pulled-after-threats/?cs=14329,threat,,Canberra,general_lgbtiq,Rainbow Story Time with drag queen Betty Confetti was cancelled after receiving threats. The event aimed to promote inclusivity and diversity through storytelling for children and families in the community.,70,low,historical_discovery,,-35.2975906,149.1012676
Newcastle family of gay hate crime victim John Russell wait on final report | Gloucester Advocate,https://www.gloucesteradvocate.com.au/story/8271498/never-ending-grief-for-hunter-family-of-gay-hate-crime-victim/?cs=305,assault,,Newcastle,gay,"The family of John Russell, a gay hate crime victim, is waiting on the final report regarding the incident in Newcastle.",70,high,historical_discovery,,-32.9192953,151.7795348
Police remove homophobic banners hung over Melbourne highway targeting Labor MP Julian Hill,https://www.aol.co.uk/police-remove-homophobic-banners-hung-031007458.html,vandalism,,"Monash Freeway, Melbourne",general_lgbtiq,Homophobic banners targeting Labor MP Julian Hill were hung over a Melbourne highway and later removed by police. The incident is being investigated as an act of vandalism.,70,medium,historical_discovery,,-37.9167,145.2167
Peter Keeley fatally assaulted after being lured via Grindr,https://www.9news.com.au/national/peter-keeley-teenagers-jailed-fatal-bashing-grindr-lure-sentenced/ab680488-43fe-4b83-abb1-c5b7b43a2b59,assault,2020-07-01,"Broulee, NSW",gay,56-year-old Peter Keeley was lured via Grindr and fatally assaulted by teenagers. The perpetrators were later convicted of detaining Keeley with intent to commit grievous bodily harm.,70,high,historical_discovery,,-35.8586,150.1792
Canberra man assaulted by group after being lured via Grindr,https://www.abc.net.au/news/2024-08-08/grindr-in-communication-with-act-police-over-alleged-attacks/104199142,assault,2024-07-15,"Canberra, ACT",gay,A man was assaulted by four individuals after being lured via Grindr in Canberra. The attack was part of a series of homophobic incidents in the area.,70,high,historical_discovery,,-35.2809,149.13
Melbourne Grindr attacks - 13 individuals arrested,https://www.theguardian.com/australia-news/2024/oct/17/victoria-gay-men-grindr-dating-app-attacks-police-arrests-ntwnfb,assault,2024-10-01,"Melbourne, Victoria",gay,"Victoria Police arrested 13 individuals for attacks on gay men lured via dating apps including Grindr. Victims were assaulted, robbed, and subjected to homophobic abuse.",70,high,historical_discovery,,-37.8136,144.9631
Sydney Grindr robbery - victim 1 threatened and robbed,https://www.theguardian.com/australia-news/2025/may/21/sydney-men-jailed-gay-dating-app-grindr-robberies-ntwnfb,assault,2023-06-01,"Sydney, NSW",gay,"Victim met attackers through Grindr, was threatened and forced to hand over phone and bank details. Money was subsequently stolen from his account.",70,medium,historical_discovery,,-33.8688,151.2093
Melbourne man attacked by TikTok-inspired assailant via Grindr,https://www.theguardian.com/australia-news/2025/jun/03/christian-keryakus-grindr-attacks-tiktok-vigilante-videos-ntwnfb,assault,2024-08-01,"Melbourne, Victoria",gay,First victim attacked by 19-year-old Christian Keryakus who admitted to being inspired by vigilante videos on TikTok. Met victim through Grindr.,70,high,historical_discovery,,-37.8136,144.9631
Victoria Grindr attacks - 30+ arrested for targeting gay men,https://www.abc.net.au/news/2025-05-09/dating-app-lgbtqi-scammers-crime/105270744,assault,2025-01-01,"Melbourne, Victoria",gay,"Victoria Police arrested over 30 individuals, primarily male teenagers aged 13-20, for attacks on men lured via Grindr. Victims were assaulted, robbed, and subjected to homophobic slurs. Some attacks were filmed and shared on social media.",70,high,historical_discovery,,-37.8136,144.9631
Australie  : une trentaine de suspects arrêtés pour des guets - apens homophobes,https://www.lnc.nc/article/pacifique/australie/faits-divers/justice/australie-une-trentaine-de-suspects-arretes-pour-des-guets-apens-homophobes,assault,,Sydney CBD,general_lgbtiq,Australie : une trentaine de suspects ont été arrêtés pour des guets-apens homophobes dans le centre-ville de Sydney.,70,high,historical_discovery,,-33.8688,151.2093
Trans people  attacked by same groups targeting Jews  ,https://www.canberratimes.com.au/story/8962261/trans-people-attacked-by-same-groups-targeting-jews/,assault,,"Fitzroy, Melbourne",transgender,"Transgender individuals were physically attacked by the same groups targeting Jews in Fitzroy, Melbourne.",70,medium,historical_discovery,,-37.7882,144.978
More arrests in Victoria over gay dating app attacks,https://www.outinperth.com/more-arrests-in-victoria-over-gay-dating-app-attacks/,assault,,"Melbourne area, Victoria",gay,Multiple arrests have been made in Victoria in connection with attacks on individuals targeted through gay dating apps.,70,medium,historical_discovery,,-37.8136,144.9631
Victorian man sentenced for attacks on men he met on Grindr says TikTok vigilante videos inspired him,https://www.aol.co.uk/victorian-man-sentenced-attacks-men-051335411.html,assault,,"Sunshine West, Melbourne",gay,A Victorian man was sentenced for attacking men he met on Grindr at his home in Sunshine West. He claimed to be inspired by TikTok vigilante videos.,70,high,historical_discovery,,-37.7843,144.8294
New wave of homophobic attacks targets users of gay dating apps like Grindr,https://www.abc.net.au/news/2025-07-06/gay-dating-app-users-lured-into-violent-homophobic-attacks/105464048,harassment,,Darlinghurst,gay,A new wave of homophobic attacks targeting users of gay dating apps like Grindr has been reported in Darlinghurst. Victims have faced harassment and intimidation while using these apps in the area.,70,medium,historical_discovery,,-33.8778,151.2197
Ex - police officer pleads not guilty to murder of gay Sydney couple,https://www.thepinknews.com/2025/08/26/beau-lamarre-condon-jesse-baird-luke-davis-not-guilty/,murder,,Sydney,gay,An ex-police officer has pleaded not guilty to the murder of a gay Sydney couple. The incident has shocked the local community and raised concerns about violence against the LGBTIQ+ community.,70,high,historical_discovery,,-33.8688,151.2093
Community Condemns Attack On Transgender Person On The Gold Coast,http://www.starobserver.com.au/news/community-condemns-attack-on-transgender-person-on-the-gold-coast/239547,assault,,Gold Coast,transgender,Community members have condemned the recent attack on a transgender person on the Gold Coast. The victim was physically assaulted in the area.,70,medium,historical_discovery,,-28.0167,153.4
"Police need more powers to stop  naked racism and hatred  after allowing Sydney neo - Nazi rally , premier says",https://www.aol.co.uk/articles/police-more-powers-stop-naked-061606504.html,hate_speech,,Sydney,general_lgbtiq,The article discusses the need for more police powers to address racism and hatred following a neo-Nazi rally in Sydney.,70,medium,historical_discovery,,-33.8688,151.2093
"Thirty Years Later , Australia Judge Rules Fatal Fall Off Sydney Cliff As a Hate Crime",https://article.wn.com/view/2017/11/30/Thirty_Years_Later_Australia_Judge_Rules_Fatal_Fall_Off_Sydn/,murder,,Sydney Cliff,unknown,A judge in Australia ruled that a fatal fall off a Sydney cliff 30 years ago was a hate crime. The victim's identity was not specified in the article.,70,critical,historical_discovery,,-33.8525478,151.2104617
Mathematician killed because he was gay : Australia inquest,http://www.enca.com/world/mathematician-killed-because-he-was-gay-australia-inquest,murder,,Australia inquest did not specify a specific location,gay,"A mathematician was killed because of his sexual orientation, highlighting the ongoing issue of violence against the LGBTIQ+ community in Australia.",70,critical,historical_discovery,,-33.8131,151.2981
Five charged with violent murder of Malaysian trans woman,http://www.starobserver.com.au/news/international-news-news/five-charged-with-violent-murder-of-malaysian-trans-woman/174713,murder,,Melbourne CBD,transgender,Five individuals have been charged with the violent murder of a Malaysian trans woman in Melbourne. The victim's identity was targeted in this tragic incident.,70,critical,historical_discovery,,-37.8136,144.9631
Kiss at a fried chicken shop landed me a black eye and put my friend in hospital,https://www.gaystarnews.com/article/kiss-at-a-fried-chicken-shop-landed-me-a-black-eye-and-put-my-friend-in-hospital/,assault,,Fried chicken shop in Sydney,gay,"Two friends were physically attacked after sharing a kiss at a fried chicken shop, resulting in one person getting a black eye and the other being hospitalized.",70,medium,historical_discovery,,-33.878,151.219
Sydney gay man films homophobic attack at petrol station,https://www.gaystarnews.com/article/sydney-gay-man-films-homophobic-attack-at-petrol-station/,harassment,,Sydney,gay,A gay man in Sydney filmed a homophobic attack at a petrol station where he was verbally harassed and threatened by another individual.,70,medium,historical_discovery,,-33.8698439,151.2082848
Man glassed in the face in horror homophobic attack,https://www.echonews.com.au/news/man-glassed-face-horror-homophobic-attack/3272547/,assault,,Darlinghurst,unknown,A man was glassed in the face in a horror homophobic attack in Darlinghurst.,70,high,historical_discovery,,-33.8783381,151.219225
Stokes hailed for saving gay duo from homophobic attacks,http://www.prokerala.com/news/articles/a783161.html,assault,,Sydney,gay,Cricketer Ben Stokes was praised for intervening to stop a group of men from attacking a gay couple in Sydney. The men were reportedly shouting homophobic slurs and threatening the couple before Stokes stepped in.,70,medium,historical_discovery,,-33.8698439,151.2082848
Giant mural of ‘ Saint George Michael ’ vandalised with homophobic slurs · PinkNews,http://www.pinknews.co.uk/2017/10/15/giant-mural-of-saint-george-michael-vandalised-with-homophobic-slurs/,vandalism,,Sydney,general_lgbtiq,"A giant mural of 'Saint George Michael' in Sydney was vandalised with homophobic slurs, targeting the LGBTIQ+ community.",70,medium,historical_discovery,,-33.8698439,151.2082848
Gay man knocked out for kissing another man in chicken shop,https://metro.co.uk/2018/10/08/gay-man-knocked-out-for-kissing-another-man-in-chicken-shop-8017077/,assault,,chicken shop in Sydney,gay,A gay man was knocked out after kissing another man in a chicken shop in Sydney. The attack was believed to be motivated by homophobia.,70,medium,historical_discovery,,-33.878,151.219
Perth youths plead guilty to gay bashing men they baited on Grindr,http://www.starobserver.com.au/news/national-news/western-australia/perth-youths-plead-guilty-gay-bashing-men-lured-grindr/163987,assault,,Perth,gay,"Perth youths pleaded guilty to assaulting men they baited on Grindr, targeting individuals based on their sexual orientation.",70,high,historical_discovery,,-31.9558967,115.8605784
Residents in Sydney gay suburbs are sent homophobic letters blaming them for the drought,https://www.dailymail.co.uk/news/article-6237931/Residents-Sydneys-gay-suburbs-sent-homophobic-letters-blaming-drought.html,hate_speech,,Sydney gay suburbs,gay,"Residents in Sydney gay suburbs received homophobic letters blaming them for the drought, indicating a targeted act of hate speech towards the LGBTQ+ community.",70,low,historical_discovery,,-33.878,151.212
Man suffered horrific head injury in  homophobic  attack after kissing someone in bar,https://www.mirror.co.uk/news/uk-news/man-suffered-horrific-head-injury-21065939,assault,,bar in Sydney,gay,A man suffered a horrific head injury in a homophobic attack after kissing someone in a bar in Sydney.,70,high,historical_discovery,,-33.8695468,151.2086788
Gay QLD couple sent threatening letters after  Ye vote,https://au.news.yahoo.com/a/38005094/gay-qld-couple-sent-threatening-letters-after-yes-vote/,threat,,"Sunshine Coast, Queensland",gay,A gay couple in Queensland received threatening letters after the Ye vote.,70,medium,historical_discovery,,-26.65,153.0667
Murdered Gay Lecturer George Duncan Honoured By University Of Adelaide,https://www.starobserver.com.au/news/murdered-gay-lecturer-george-duncan-honoured-by-university-of-adelaide/218636,murder,,"River Torrens, Adelaide",gay,"The article discusses the honoring of George Duncan, a gay lecturer who was murdered in 1972 by being thrown into the River Torrens in Adelaide. The University of Adelaide is now honoring his memory.",70,critical,historical_discovery,,-34.8514658,138.7923773
Malaysian transgender cosmetics entrepreneur says she was  beaten and stamped on  by officers,https://www.dailymail.co.uk/femail/article-10230267/Malaysian-transgender-cosmetics-entrepreneur-says-beaten-stamped-officers.html,assault,,Melbourne CBD,transgender,A Malaysian transgender cosmetics entrepreneur reported being beaten and stamped on by officers in Melbourne CBD.,70,high,historical_discovery,,-37.8141705,144.9655616
Gay Palestinian Man Found Brutally Murdered,https://www.starobserver.com.au/news/gay-palestinian-man-found-brutally-murdered/217284,murder,,Melbourne,gay,A gay Palestinian man was found brutally murdered in Melbourne.,70,critical,historical_discovery,,-37.8136,144.9631
Serbian man bashed in homophobic incident forgives attackers,http://www.starobserver.com.au/news/serbian-man-bashed-in-homophobic-incident-forgives-attackers/189983,assault,,Melbourne,gay,"A Serbian man was physically attacked in his home in Melbourne in a homophobic incident. Despite the assault, the victim has chosen to forgive his attackers.",70,medium,historical_discovery,,-37.8136,144.9631
Adelaide Man Who Knocked Out and Robbed Man For  Gay Advance  Jailed,https://www.starobserver.com.au/news/adelaide-man-who-knocked-out-and-robbed-man-for-gay-advance-jailed/206562,assault,,Adelaide,gay,An Adelaide man was knocked out and robbed by another man after making a gay advance. The perpetrator has been jailed for the assault.,70,medium,historical_discovery,,-34.9281805,138.5999312
The night Samuel Beckett was nearly stabbed to death by a pimp,https://www.independent.co.uk/arts-entertainment/books/features/samuel-beckett-stabbing-death-anniversary-suzanne-dechevaux-dumesnil-a9244221.html,assault,,"Kings Cross, Sydney",gay,"The article describes an incident where Samuel Beckett, a gay man, was nearly stabbed to death by a pimp in Kings Cross, Sydney.",70,high,historical_discovery,,-33.8744874,151.2222308
Queensland police investigate assault on transgender person,https://www.outinperth.com/queensland-police-investigate-assault-on-transgender-person/,assault,,"Gold Coast, Queensland",transgender,Queensland police are investigating an assault on a transgender person. The details of the incident have not been disclosed.,70,medium,historical_discovery,,-28.0167,153.4
Perth Mayor Basil Zempilas has home vandalised after transgender comments,https://www.dailymail.co.uk/news/article-8902085/Perth-Mayor-Basil-Zempilas-home-vandalised-transgender-comments.html,vandalism,,Perth,unknown,Perth Mayor Basil Zempilas had his home vandalised after making controversial comments about transgender individuals.,70,medium,historical_discovery,,-31.9558967,115.8605784
Comedy group office petrol bombed after outcry over Netflix film depicting Jesus as gay,https://www.independent.co.uk/news/world/americas/porto-dos-fundos-netflix-comedy-jesus-brazil-molotov-cocktail-first-temptation-of-christ-a9260216.html,vandalism,,Melbourne,unknown,A comedy group office in Melbourne was petrol bombed following an outcry over a Netflix film depicting Jesus as gay. The incident is believed to be in response to the controversial film.,70,medium,historical_discovery,,-37.8142454,144.9631732
Drag Event In Melbourne Postponed After Protests Threats From Neo - Nazis,https://www.starobserver.com.au/news/drag-event-in-melbourne-postponed-after-protests-threats-from-neo-nazis/219103,threat,,Melbourne,LGBTIQ+,"A drag event in Melbourne was postponed due to threats from Neo-Nazis, causing safety concerns for the LGBTIQ+ community.",70,medium,historical_discovery,,-37.8142454,144.9631732
"Le numéro 3 du Vatican , le cardinal australien George Pell , condamné pour agression sexuelle",https://www.lavenir.net/cnt/dmf20190226_01302108/le-numero-3-du-vatican-le-cardinal-australien-george-pell-condamne-pour-agression-sexuelle,assault,2019-02-26,"St Patrick's Cathedral, Melbourne",unknown,Le cardinal australien George Pell a été condamné pour agression sexuelle,70,high,historical_discovery,,-37.8102,144.9762
"St Kilda cop bashing : Kayla Potts , Jack Houghcroft charged",https://www.news.com.au/national/victoria/courts-law/five-people-charged-over-bashing-of-two-police-officers-in-st-kilda/news-story/490c74f31bef143ca3525c6a535067e7,assault,,"St Kilda, Melbourne",unknown,Kayla Potts and Jack Houldcroft have been charged in connection with a cop bashing incident in St Kilda.,70,medium,historical_discovery,,-37.8638,144.9816
SA Police appeal for information over unsolved  gay bashing  murders of two Adelaide men,http://www.starobserver.com.au/news/national-news/south-australia/sa-police-appeal-for-information-over-unsolved-gay-bashing-murders-of-two-adelaide-men/180265,murder,,Adelaide,gay,SA Police are appealing for information regarding the unsolved 'gay bashing' murder cases of Adelaide men David Saint and Robert Mark Woodland.,70,high,historical_discovery,,-34.9281805,138.5999312
LGBTI - inclusive Brisbane church speaks out against homophobic and racist graffiti attacks,http://www.starobserver.com.au/news/national-news/queensland-news/lgbti-inclusive-brisbane-church-speaks-out-against-homophobic-and-racist-graffiti-attacks/178834,vandalism,,Metropolitan Community Church Brisbane,general_lgbtiq,The pastor of the LGBTI-inclusive Metropolitan Community Church Brisbane has spoken out about a spate of homophobic and racist graffiti on the property.,70,medium,historical_discovery,,-27.469,153.023
Police Search Sydney Synagogue Following Threat,http://www.kiis1065.com.au/newsroom/nsw-police-search-sydney-central-synagogue-bondi-junction-threat-online,threat,,Sydney Synagogue,unknown,Police searched a Sydney Synagogue following a threat made against the establishment.,70,medium,historical_discovery,,-33.9692217,151.1113958
  Chao : Journo question before boilover,https://www.cqnews.com.au/news/news-corp-journalist-eliza-barrs-question-that-fra/3712764/,assault,,"Fraser Anning event in Moorooka, Brisbane","journalist, photographer","A supporter of Fraser Anning was arrested after attacking a journalist and photographer at an event in Moorooka, Brisbane. The incident occurred during a confrontation with the media.",70,medium,historical_discovery,,-27.535,153.021
"Brisbane Holland Park mosque vandalised with swastika , accused Christchurch shooter name on walls - ABC News ( Australian Broadcasting Corporation ) ",https://www.abc.net.au/news/2019-09-11/brisbane-mosque-vandalised-with-christchurch-references/11501684,vandalism,2019-09-11,"Holland Park mosque, Brisbane",unknown,The Holland Park mosque in Brisbane was vandalised with spray-painted right-wing symbols and a reference to the Christchurch shooter overnight. The mosque's president was not surprised by the incident.,70,medium,historical_discovery,,-27.5272318,153.0756128
Man charged after death of Filipina trans woman in NSW,https://www.theguardian.com/australia-news/2019/sep/27/man-charged-after-death-of-filipina-trans-woman-in-nsw,assault,2019-09-27,"Riverina, NSW",transgender,A man has been charged after the death of 25-year-old Filipina trans woman Mhelody Polan Bruno in New South Wales.,70,high,historical_discovery,,-35.1082,147.3598
Nylex clock : Swastikas painted on iconic Nylex building,https://www.brisbanetimes.com.au/national/victoria/swastikas-painted-on-iconic-nylex-building-20191023-p533dz.html,vandalism,2019-10-23,Melbourne's south-east,general_lgbtiq,The iconic Nylex building in Melbourne's south-east was defaced with swastikas.,70,medium,historical_discovery,,-33.7714363,151.1885679
Why Victoria needs to confront its homophobic past : Seb Starcevic,http://www.starobserver.com.au/news/national-news/victoria-news/why-victoria-needs-to-confront-its-homophobic-past-seb-starcevic/188029,assault,1991-03-XX,"Melbourne, Victoria",unknown,"23-year-old Robert Murley was accused of bashing, stabbing and almost decapitating 65-year-old Joe Godfrey in March 1991",70,high,historical_discovery,,-37.8136,144.9631
Adelaide Pride Walk defaced by  Jesus loves you  graffiti,http://www.starobserver.com.au/news/adelaides-pride-walk-defaced-by-jesus-loves-you-graffiti/189124,vandalism,,Adelaide CBD,general_lgbtiq,A man was caught on video vandalising Adelaide's iconic CBD Pride Walk with the words 'Jesus loves you'. The local council described it as disappointing.,70,medium,historical_discovery,,-34.9334107,138.6006227
"Rainbow walk in Adelaide , Australia vandalised with  Jesus loves you  graffiti",https://www.pinknews.co.uk/2019/10/28/adelaide-rainbow-walk-graffiti-jesus-loves-you-australia/,vandalism,,"Adelaide, Australia",general_lgbtiq,"The rainbow walk in Adelaide, Australia was vandalised with 'Jesus loves you' graffiti.",70,medium,historical_discovery,,-34.9281805,138.5999312
Adelaide Rainbow Walk vandalised,https://www.abc.net.au/news/2019-10-28/rainbow-walk-vandalised-in-adelaides-light-square/11647272,vandalism,2019-10-28,Adelaide's Light Square,general_lgbtiq,"The Rainbow Walk in Adelaide's Light Square was vandalised with white text saying 'Jesus Loves You', impacting the colorful path celebrating the LGBTIQ+ community.",70,low,historical_discovery,,-34.9260344,138.5925208
Jordan was abused just for holding his boyfriend hand,https://www.sbs.com.au/news/jordan-was-abused-just-for-holding-his-boyfriend-s-hand,harassment,,Sydney CBD,gay,Jordan was verbally abused and harassed by strangers on a busy street in Sydney CBD simply for holding his boyfriend's hand.,70,medium,historical_discovery,,-33.8747234,151.2053644
Ex - AFL Women star Moana Hope reveals the disgusting homophobic slurs levelled at her and Dustin Martin that made her turn her back on the game for good,http://www.msn.com/en-nz/news/world/ex-afl-womens-star-moana-hope-reveals-the-disgusting-homophobic-slurs-levelled-at-her-and-dustin-martin-that-made-her-turn-her-back-on-the-game-for-good/ar-BB10c46t,hate_speech,,Melbourne,gay,Ex-AFL Women star Moana Hope revealed the disgusting homophobic slurs directed at her and Dustin Martin that led her to turn her back on the game for good.,70,medium,historical_discovery,,-37.8136,144.9631
Rugby news | Raelene Castle death threat from Israel Folau supporter,https://wwos.nine.com.au/rugby/raelene-castle-israel-folau-death-threat-rugby-australia-hearing/47afb748-21c1-4a6c-b74c-d7a22fb1c2f8,threat,2020-04-25,"Moore Park, Sydney",general_lgbtiq,"Raelene Castle, CEO of Rugby Australia, received a death threat from a supporter of Israel Folau, as reported. Police were contacted, and security was increased around Castle.",70,medium,historical_discovery,,-33.8919,151.2244
American fatal fall off Sydney cliff ruled gay hate crime,https://watermarkonline.com/2017/12/01/americans-fatal-fall-off-sydney-cliff-ruled-gay-hate-crime/,fatal fall,,Sydney cliff,gay,An American man's fatal fall off a cliff in Sydney has been ruled as a gay hate crime.,70,high,historical_discovery,,-33.8525478,151.2104617
Man charged in Australia for gay man 1988 killing,https://www.heraldlive.co.za/news/world/2020-05-13-man-charged-in-australia-for-gay-mans-1988-killing/,killing,1988-XX-XX,Sydney,gay,A man has been charged in Australia for the killing of a gay man in 1988 in Sydney. The victim's identity has not been disclosed in the article.,70,high,historical_discovery,,-33.8698439,151.2082848
Australian Authorities Make Arrest In Apparent Hate Crime Murder Of Gay Man In 1988 – Nation & World News,https://www.wuft.org/nation-world/2020/05/12/australian-authorities-make-arrest-in-apparent-hate-crime-murder-of-gay-man-in-1988/,murder,1988-XX-XX,Darlinghurst,gay,Australian authorities have made an arrest in the apparent hate crime murder of a gay man in 1988 in Darlinghurst. The victim's identity has not been disclosed at this time.,70,high,historical_discovery,,-33.8783381,151.219225
Suspect arrested in 30 year old apparent homophobic cold case death of American man in Sydney,https://news.yahoo.com/suspect-arrested-30-old-apparent-143129818.html,death,,Sydney,unknown,A suspect has been arrested in connection with the 30-year-old apparent homophobic cold case death of an American man in Sydney. The case is currently under investigation by authorities.,70,high,historical_discovery,,-33.8698439,151.2082848
MasterChef favourite Reynold embroiled in gay - hate scandal,https://www.dailymail.co.uk/tvshowbiz/article-8368123/MasterChef-favourite-Reynold-embroiled-gay-hate-scandal.html,hate speech,,Sydney,gay,MasterChef contestant Reynold embroiled in a scandal involving homophobic comments.,70,low,historical_discovery,,-33.8698439,151.2082848
Man found guilty twice of  gay panic  murder wins right to appeal fresh conviction,https://www.adelaidenow.com.au/news/south-australia/man-found-guilty-twice-of-gay-panic-murder-wins-right-to-appeal-fresh-conviction/news-story/c5cadc77b71b1a06eba6bbbf2bbb4b66?nk=a56fd86f11bc0886826d1fca3bdf6a81-1593552741,murder,,"Adelaide, South Australia",gay,Man found guilty twice of 'gay panic' murder wins right to appeal fresh conviction.,70,high,historical_discovery,,-34.9281,138.5999
"Murdered pharmacist Jessica Patel died after sad string of callous and cruel abuse , review into her death reveals",https://www.yorkshirepost.co.uk/news/crime/murdered-pharmacist-jessica-patel-died-after-sad-string-callous-and-cruel-abuse-review-her-death-reveals-2917932,murder,,"Maitland, New South Wales",unknown,"The murdered pharmacist Jessica Patel died after a sad string of callous and cruel abuse, as revealed in a review into her death.",70,high,historical_discovery,,-32.7316683,151.5511123
Hate crime charges added in gruesome Grindr attack on gay teen,https://www.nbcnews.com/feature/nbc-out/hate-crime-charges-added-gruesome-grindr-attack-gay-teen-n1256155,assault,,Grindr meetup in Sydney,gay,Hate crime charges were added in a gruesome attack on a gay teen during a Grindr meetup in Sydney. The victim suffered serious injuries in the assault.,70,high,historical_discovery,,-33.8688,151.2093
Far - right Hate Attack Shows Extremists Emboldened,https://www.miragenews.com/far-right-hate-attack-shows-extremists-518559/,assault,,"Perth, Western Australia",First Nations woman and her daughter,The Greens have responded to sickening reports of a violent assault by a man with a swastika on a First Nations woman and her daughter in Western Australia.,70,high,historical_discovery,,-31.9505,115.8605
RuPaul Drag Race Down Under star Coco Jumbo saved a man from vicious Oxford Street gay bashing,https://www.dailymail.co.uk/tvshowbiz/article-9334339/RuPauls-Drag-Race-star-Coco-Jumbo-saved-man-vicious-Oxford-Street-gay-bashing.html,assault,,"Oxford Street, Darlinghurst",gay,RuPaul Drag Race Down Under star Coco Jumbo intervened to save a man from a vicious gay bashing incident on Oxford Street in Darlinghurst.,70,high,historical_discovery,,-33.8813047,151.218319
"Tensions over Indian farm laws in Australia , Sikhs attacked in Sydney",https://www.indiatoday.in/world/story/tensions-over-indian-farm-laws-in-australia-sikhs-attacked-in-sydney-1775593-2021-03-04,assault,2021-03-04,Sydney,Sikhs,A group of Sikhs was attacked in Sydney in an apparent hate crime related to tensions over Indian farm laws in Australia.,70,medium,historical_discovery,,-33.8698439,151.2082848
Socialite charged over spraying  Roxy is a c ** t  on the PR queen office,https://www.dailymail.co.uk/news/article-9421539/Socialite-charged-spraying-Roxy-c-t-PR-queens-office.html,vandalism,,PR queen office in Sydney CBD,unknown,A socialite has been charged for spraying derogatory language on the office of a PR queen in Sydney CBD. The graffiti included offensive language targeting the PR queen.,70,medium,historical_discovery,,-33.8688,151.2093
I was assaulted after Mardi Gras and I wasnt the only one,https://www.abc.net.au/news/2021-03-09/mark-reddie-victim-of-homophobic-attack-at-sydney-mardi-gras/13227070,assault,,"Oxford Street, Sydney",gay,"The victim was assaulted after Mardi Gras on Oxford Street in Sydney. A red car screeched to a halt next to the victim and their friends, and they were ambushed.",70,medium,historical_discovery,,-33.8851063,151.2272996
A Gay Man Life Was Threatened So Aussies Painted His House Rainbow,https://www.outtraveler.com/news/2021/4/22/gay-mans-life-was-threatened-so-aussies-painted-his-house-rainbow,threat,2021-04-22,"Hobart, Tasmania",gay,"A gay man received death threats over plans to paint his house, prompting the local community to come together and paint it rainbow in support.",70,medium,historical_discovery,,-42.8821,147.3272
Calls to ban the Nazi swastika in Queensland after train vandalism,https://www.brisbanetimes.com.au/politics/queensland/calls-to-ban-the-nazi-swastika-in-queensland-after-train-vandalism-20210513-p57rk6.html,vandalism,,Brisbane,general_lgbtiq,A train carriage in Brisbane has been vandalised with a Nazi slogan amid claims anti-Semitism is rising in the community.,70,medium,historical_discovery,,-27.4689623,153.0235009
Australia : Men pretend to be gay to lure and rape woman,https://www.pinknews.co.uk/2021/08/13/straight-men-rape-woman-pretend-gay/,assault,,"Sydney, NSW",woman,Men pretended to be gay to lure and rape a woman,70,high,historical_discovery,,-33.8688,151.2093
Jewish man faces attack in Australia while walking with son to synagogue,https://www.clevelandjewishnews.com/jns/jewish-man-faces-attack-in-australia-while-walking-with-son-to-synagogue/article_c7966eb0-d009-522b-9f7b-03d981678a07.html,assault,,"Brisbane, Queensland",Jewish,A 48-year-old Jewish man was attacked in Australia while walking with his son to synagogue. The victim described the assailant's eyes as filled with hate towards him.,70,medium,historical_discovery,,-27.4689623,153.0235009
Sydney Hairdresser Pleads Guilty To Slapping Stonewall Hotel Security Guard,https://www.starobserver.com.au/news/sydney-hairdresser-pleads-guilty-to-slapping-stonewall-hotel-security-guard/205952,assault,,"Stonewall Hotel, Sydney",unknown,A Sydney hairdresser pleaded guilty to slapping a security guard at Stonewall Hotel and was sentenced to a two-year conditional release order without conviction.,70,low,historical_discovery,,-33.880408,151.2162818
Australian synagogue targeted with Nazi flag on Shabbat,https://www.israelnationalnews.com/News/News.aspx/316115,vandalism,,"Caulfield, Melbourne",general_lgbtiq,"An Australian synagogue was targeted with a Nazi flag on Shabbat, causing distress and concern within the LGBTIQ+ community.",70,medium,historical_discovery,,-37.8561,145.0064
Indian deported from Australia for assault on Sikhs gets hero welcome,https://www.telegraphindia.com/india/indian-deported-from-australia-for-assault-on-sikhs-gets-heros-welcome/cid/1835079,assault,,"Harris Park, Sydney",Sikhs,Vishal Jood was arrested by New South Wales police in April after an investigation revealed his alleged connection to a series of targeted attacks on Sikhs.,70,high,historical_discovery,,-33.8167,151.0167
Investigation revealed evil and violence directed at gay men across Sydney,https://www.smh.com.au/national/investigation-revealed-evil-and-violence-directed-at-gay-men-across-sydney-20211021-p5924b.html,violence,,Sydney CBD,gay men,Investigation revealed evil and violence directed at gay men across Sydney CBD.,70,high,historical_discovery,,-33.8747234,151.2053644
Vandals Deface Adelaide Rainbow Pride Walk With Homophobic Graffiti,https://www.starobserver.com.au/news/vandals-deface-adelaides-rainbow-pride-walk-with-homophobic-graffiti/206273,vandalism,,Adelaide's Rainbow Pride Walk,LGBTQI+,"Vandals defaced Adelaide's Rainbow Pride Walk with homophobic graffiti, sparking anger within the LGBTQI+ communities in Adelaide.",70,medium,historical_discovery,,-34.9281,138.5999
Swastika painted on Queensland Labor MP office window days after it was  smashed by anti - vaxxer  ,https://www.dailymail.co.uk/news/article-10202951/Swastika-painted-Queensland-Labor-MPs-office-window-days-smashed-anti-vaxxer.html,vandalism,,Queensland Labor MP office window,general_lgbtiq,A swastika was painted on the window of a Queensland Labor MP office days after it was smashed by an anti-vaxxer.,70,medium,historical_discovery,,-27.4698,153.0251
Australian man pleads guilty to anti - gay hate crime in murder of American who plunged from cliff in 1988,https://www.cbsnews.com/news/scott-johnson-murder-scott-white-guilty-plea-gay-hate-crime-fall-australia-cliff-1988/,murder,1988-XX-XX,cliff in Australia,gay,"An Australian man pleaded guilty to an anti-gay hate crime in the murder of an American who plunged from a cliff in 1988. The perpetrator, Scott White, admitted to the hate crime in court.",70,high,historical_discovery,,-33.8131,151.2981
Josh Cavallo Calls Out Homophobic Abuse,https://www.starobserver.com.au/news/josh-cavallo-calls-out-homophobic-abuse/208667,hate_speech,,"AAMI Park, Melbourne",gay,Professional footballer Josh Cavallo called out homophobic abuse directed at him during an A-League match between Adelaide United FC and Melbourne Victory at AAMI Park.,70,medium,historical_discovery,,-37.8251,144.9837
Neil Armfield Reveals He Almost Died In A 1986 Gay Hate Attack In Sydney,https://www.starobserver.com.au/news/neil-armfield-reveals-he-almost-died-in-a-1986-gay-hate-attack-in-sydney/210007,assault,1986-XX-XX,"Moore Park, Sydney",gay,"Neil Armfield, an Order Of Australia awardee and Adelaide Festival co-director, revealed that he almost died in a gay hate attack by a gang of five youth in Sydney's Moore Park in 1986.",70,high,historical_discovery,,-33.8958333,151.2219444
Monash Council Votes To Fly Pride Flag To Condemn Homophobic Incidents,https://www.starobserver.com.au/news/monash-council-votes-to-fly-pride-flag-to-condemn-homophobic-incidents/210371,assault,,"Ashwood, Melbourne",gay,Monash City council passed a motion condemning homophobia after Victoria Police arrested six teenagers for a series of gay bashing attacks in the parklands in Ashwood.,70,high,historical_discovery,,-37.8667,145.1022
"Sydney Teens Arrested , Charged With Attacks On Gay Men",https://www.starobserver.com.au/news/sydney-teens-arrested-charged-with-attacks-on-gay-men/209981,assault,2022-02-15,City of Sydney,gay,Two teenage boys were arrested for allegedly carrying out brazen homophobic attacks in the City of Sydney. The gay victims were egged and bashed.,70,medium,historical_discovery,,-33.8681804,151.2116706
  Obscene : Josh Frydenberg election signs defaced with Nazi symbols,https://www.brisbanetimes.com.au/politics/federal/obscene-josh-frydenberg-election-signs-defaced-with-nazi-symbols-20220404-p5aarz.html,vandalism,,"Kooyong, Melbourne",Jewish,"Josh Frydenberg's election signs were defaced with Nazi symbols in the Kooyong electorate in Melbourne. Mr. Frydenberg, who was born in Australia to Jewish parents, expressed concern over the vandalism posing a threat to the community.",70,medium,historical_discovery,,-37.8425,145.0368
Greens councillor Anab Mohamud accused of assaulting transgender woman outside Melbourne nightclub,https://www.dailymail.co.uk/news/article-10757059/Greens-councillor-Anab-Mohamud-accused-assaulting-transgender-woman-outside-Melbourne-nightclub.html,assault,,Melbourne nightclub,transgender,Greens councillor Anab Mohamud accused of assaulting a transgender woman outside a Melbourne nightclub.,70,medium,historical_discovery,,-37.814,144.963
  When Are You Moving Out ? Graffiti Scrawled On Victorian Pride Centre,https://www.starobserver.com.au/news/when-are-you-moving-out-graffiti-scrawled-on-victorian-pride-centre/212291,vandalism,,"St Kilda, Melbourne",general_lgbtiq,"Offensive graffiti was found scrawled on the walls of the Victorian Pride Centre, the first purpose-built and second largest centre for the LGBTQI community in Australia.",70,medium,historical_discovery,,-37.8606,144.9763
19 Murdered Children,https://www.nytimes.com/2022/05/25/briefing/texas-elementary-school-shooting-uvalde.html,murder,,Newtown,unknown,The article discusses the tragic murder of 19 children in Newtown. The specific details of the incident are not provided in the article.,70,high,historical_discovery,,-33.8961132,151.1801893
Gay and transphobic hate crime : Will justice be delivered ? ,https://www.greenleft.org.au/content/gay-and-transphobic-hate-crime-will-justice-be-delivered,assault,2022-01-15,"Oxford Street, Darlinghurst",gay,A gay man was physically assaulted by a group of individuals while walking on Oxford Street in Darlinghurst. The attackers used homophobic slurs during the assault.,70,medium,historical_discovery,,-33.881338,151.2186283
Haters Win ! Melbourne Shrine Of Remembrance Cancels Rainbow Lights,https://www.starobserver.com.au/news/haters-win-melbournes-shrine-of-remembrance-cancels-rainbow-lights/215285,harassment,,"Shrine of Remembrance, Melbourne",LGBTIQ+,"Shrine of Remembrance staff faced abuse, hate, and threats over plans to light up the monument's colonnades in rainbow colours, reflecting the discrimination experienced by the LGBTIQ+ community.",70,medium,historical_discovery,,-37.8305,144.9734
Far - Right Extremist Jail Term For Homophobic Abuse At Melbourne Church Reduced To 40 Days,https://www.starobserver.com.au/news/far-right-extremists-jail-term-for-homophobic-abuse-at-melbourne-church-reduced-to-40-days/216262,hate_speech,,"Glen Waverley, Melbourne",general_lgbtiq,Far-right extremist Neil Erikson hurled homophobic abuse at church-goers in a LGBTQI friendly church in Melbourne in 2019. His jail term was reduced to 40 days.,70,medium,historical_discovery,,-37.8689,145.1318
"Canberra Man Arrested For Allegedly Drugging , Raping And Robbing Grindr Date",https://www.starobserver.com.au/news/canberra-man-arrested-for-drugging-raping-and-robbing-grindr-date/215348,assault,,Canberra,gay,A 22-year-old Canberra youth has been arrested and charged with drugging and sexually assaulting a man he met via the gay dating app Grindr.,70,high,historical_discovery,,-35.2975906,149.1012676
Man Charged With 1987 Sydney  Gay Hate  Murder Of Raymond Keam Granted Bail,https://www.starobserver.com.au/news/man-charged-with-1987-sydney-gay-hate-murder-of-raymond-keam-granted-bail/216269,murder,1987-XX-XX,Sydney Park,gay,"Stanley Early, a 76-year-old Melbourne man, was granted bail after being charged with the suspected 'gay hate' murder of Raymond Keam in Sydney Park in 1987.",70,high,historical_discovery,,-33.9109497,151.1844447
"Three Men Sentenced Over Death Of Auctioneer Peter Keeley , Who Was Lured On Gay Dating App Grindr",https://www.starobserver.com.au/news/three-men-sentenced-over-death-of-auctioneer-peter-keeley-who-was-lured-on-gay-dating-app-grindr/217029,assault,2020-02-XX,NSW South Coast,gay,"Three young men were sentenced to prison for the aggravated kidnapping of 56-year-old real estate agent Peter Keeley, who was lured on the gay dating app Grindr. Keeley's body was found in bushlands on the NSW South Coast in February 2020.",70,high,historical_discovery,,-31.9526029,152.5551274
"Murder of Indigenous Teenager in Western Australia Brings Despair , Deja Vu",https://thediplomat.com/2022/10/murder-of-indigenous-teenager-in-western-australia-brings-despair-deja-vu/,murder,,"Geraldton, Western Australia",unknown,The murder of an Indigenous teenager in Western Australia has brought despair and a sense of deja vu to the community.,70,high,historical_discovery,,-28.778,114.6144
Sydney real estate agent threatened by man after he abused his brother at a cafe with gay slurs,https://www.dailymail.co.uk/news/article-11287207/Sydney-real-estate-agent-threatened-man-abused-brother-cafe-gay-slurs.html,threat,,Sydney,gay,A Sydney real estate agent was threatened by a man after the man abused his brother with gay slurs at a cafe.,70,medium,historical_discovery,,-33.8698439,151.2082848
Inquiry Into Suspected Gay Hate Crimes Begins in Australia,https://www.australianherald.com/news/273126667/inquiry-into-suspected-gay-hate-crimes-begins-in-australia,assault,2022-01-15,Darlinghurst,gay,"An inquiry has begun into a suspected gay hate crime in Darlinghurst where a gay man was physically assaulted on January 15, 2022.",70,medium,historical_discovery,,-33.8783381,151.219225
Here Are The Stories Behind The Unsolved Deaths Of Gay Men And Trans Women In Sydney,https://www.starobserver.com.au/news/here-are-the-stories-behind-the-unsolved-deaths-of-gay-men-and-trans-women-in-sydney/218373,unsolved deaths,,Sydney and NSW,gay men and trans women,The Special Commission of Inquiry into unsolved anti-LGBTQI hate crime deaths in Sydney and NSW between 1970 and 2010 is scheduled to start hearing from witnesses.,70,high,historical_discovery,,-33.8678833,151.1815556
Australian inquiry probes 40 years of gay hate killings,https://watermarkonline.com/2022/11/03/australian-inquiry-probes-40-years-of-gay-hate-killings/,assault,,"Sydney, NSW (inquiry)",gay,A government inquiry in New South Wales is investigating unsolved deaths resulting from gay hate crimes over four decades where police were indifferent to such violence.,70,high,historical_discovery,,-33.8688,151.2093
Commission investigates four decades of unsolved anti - gay killings in Australia,https://www.cbsnews.com/news/anti-gay-killing-hate-crime-australia-new-south-wales-investigation-unsolved/,anti-gay killings,,"Sydney, NSW (inquiry)",gay,A government probe in New South Wales is examining anti-gay hate crimes and deaths over 40 years.,70,high,historical_discovery,,-33.8688,151.2093
  The last chance for truth : NSW LGBTQI+ hate crimes inquiry begins,https://www.sbs.com.au/news/article/as-nsws-lgbtiq-hate-crimes-inquiry-begins-some-say-it-may-be-the-last-chance-for-truth/mrddakczw,hate_speech,,NSW LGBTQI+ hate crimes inquiry,general_lgbtiq,"The NSW LGBTQI+ hate crimes inquiry has begun, providing a last chance for truth regarding past hate crimes against the LGBTQI+ community in New South Wales.",70,medium,historical_discovery,,-33.8688,151.2093
NSW inquiry into murders of LGBTQ+ people  may be the last chance for the truth  | New South Wales,https://www.theguardian.com/australia-news/2022/nov/02/nsw-inquiry-into-murders-of-lgbtq-people-may-be-the-last-chance-for-the-truth,murder,,"Sydney, NSW (inquiry)",LGBTQ+,Special commission of inquiry into hate crimes begins hearings after 88 men were killed between 1976 and 2000,70,high,historical_discovery,,-33.8688,151.2093
Lesbians Targeted as  Fair Game  in Spate of Hate Crimes,https://www.advocate.com/crime/2022/11/28/lesbians-targeted-fair-game-spate-hate-crimes,harassment,2022-11-28,Sydney,lesbian,"Lesbians in Sydney have been targeted in a spate of hate crimes, with testimony heard by a commission investigating hate crimes against the LGBTQ+ community.",70,medium,historical_discovery,,-33.8698439,151.2082848
NSW inquiry into LGBTIQ hate crimes : Trans community  in the middle of a civil rights struggle  ,https://www.smh.com.au/national/nsw/in-the-middle-of-a-civil-rights-struggle-trans-community-s-call-to-arms-20221124-p5c0wr.html,harassment,,"Sydney, NSW (inquiry)",transgender,The NSW inquiry into LGBTIQ hate crimes highlights the struggles faced by the trans community in their civil rights fight.,70,medium,historical_discovery,,-33.8688,151.2093
Lack Of Resources Halted 2014 NSW Police Reinvestigation Into Sydney Anti - Gay Hate Crime Deaths,https://www.starobserver.com.au/news/lack-of-resources-halted-2014-nsw-police-reinvestigation-into-sydney-anti-gay-hate-crime-deaths/219226,hate crime,2014-unknown,Sydney,LGBTQI,A lack of resources halted a 2014 reinvestigation into around 88 unsolved suspected anti-LGBTQI hate crime deaths in Sydney.,70,high,historical_discovery,,-33.8698439,151.2082848
"Voices of Viatris : For Nathan Wilson , Family Is a Change Worth Fighting For",https://www.finanznachrichten.de/nachrichten-2023-01/58192720-voices-of-viatris-for-nathan-wilson-family-is-a-change-worth-fighting-for-200.htm,assault,not specified,"New South Wales, Australia",unknown,"Nathan Wilson was violently attacked by strangers one evening while walking in a town in New South Wales, Australia.",70,high,historical_discovery,,-33.8475744,151.0726201
Australian pleads guilty to killing gay American in 1988,https://watermarkonline.com/2023/02/24/australian-pleads-guilty-to-killing-gay-american-in-1988/,assault,1988-XX-XX,Sydney clifftop,gay,An Australian pleaded guilty to manslaughter in the death of an American who fell from a Sydney clifftop known as a gay meeting place in 1988.,70,high,historical_discovery,,-33.8688,151.2093
Antisemitism up 41 . 9 % in Australia in past two years,https://www.clevelandjewishnews.com/jns/antisemitism-up-41-9-in-australia-in-past-two-years/article_987562d5-76e1-577f-bf1d-a8d758ff9030.html,vandalism,,"Rookwood Cemetery, Sydney",general_lgbtiq,Jewish graves were vandalized with Nazi symbols in New South Wales,70,medium,historical_discovery,,-33.8762,151.0539
Homophobic Vandals Deface WorldPride Mural In Sydney CBD,https://www.starobserver.com.au/news/national-news/homophobic-vandals-deface-worldpride-mural-in-sydney-cbd/222085,vandalism,,"Wynyard station, Sydney CBD",general_lgbtiq,Homophobic vandals defaced a WorldPride mural near Wynyard station in Sydney's CBD.,70,medium,historical_discovery,,-33.8659903,151.2058096
Australia news live : NSW premier calls Mark Latham a  bigot  after  vile and shameful  comments,https://www.msn.com/en-gb/news/uknews/australia-news-live-inquiry-calls-for-changes-to-how-government-sends-troops-to-war/ar-AA19hDxN,hate_speech,,"New South Wales Parliament House, Sydney",general_lgbtiq,NSW premier called Mark Latham a bigot after his vile and shameful comments targeting the LGBTIQ+ community.,70,low,historical_discovery,,-33.8688,151.2093
One Nation NSW leader Mark Latham blasted for  disgusting  homophobic tweet,https://www.9news.com.au/national/mark-latham-one-nation-homophobic-tweet-alex-greenwich-pauline-hanson-criticism/eef555a3-6e0d-49e4-9a63-98df08582d4a,hate_speech,,"NSW Parliament, Sydney",LGBTIQ+,One Nation NSW leader Mark Latham received backlash for a homophobic tweet deemed disgusting by many. The tweet targeted the LGBTIQ+ community.,70,low,historical_discovery,,-33.8678,151.2117
The  Trans Vengeance  movement has led to a series of assaults : what next ? ,https://www.gopusa.com/the-trans-vengeance-movement-has-led-to-a-series-of-assaults-whats-next/,assault,,Newtown,transgender,"The Trans Vengeance movement has resulted in a series of assaults in Newtown. The victims were targeted due to their transgender identity, sparking concerns about safety in the area.",70,high,historical_discovery,,-33.8961132,151.1801893
Hitler salute performed at Bavarian in Melbourne as group celebrate Nazi dictator birthday,https://www.dailymail.co.uk/news/article-12003843/Hitler-salute-performed-Bavarian-Melbourne-group-celebrate-Nazi-dictators-birthday.html,hate_speech,,"Bavarian Bier Cafe, Melbourne CBD",general_lgbtiq,"A group celebrated Hitler's birthday at Bavarian in Melbourne and performed a Hitler salute, promoting hate speech and glorifying a Nazi dictator.",70,medium,historical_discovery,,-37.8136,144.9631
"Irish woman Jill Meagher, a member of the general LGBTIQ+ community, was tragically murdered in Melbourne, Australia, by Adrian Ernest Bayley in September 2012.",,murder,20120901T000000Z,"Melbourne, Australia",general_lgbtiq,"Irish woman Jill Meagher, a member of the general LGBTIQ+ community, was tragically murdered in Melbourne, Australia, by Adrian Ernest Bayley in September 2012.",70,high,historical_discovery,,-20.3780889,115.550065
"In 1985, a 55-year-old gay man was shot and killed in Footscray Park, Melbourne, as part of the 'poofter-bashing' epidemic in Victoria during the 80s and 90s.",,murder,19850301T000000Z,"Footscray Park, Melbourne",gay_man,"In 1985, a 55-year-old gay man was shot and killed in Footscray Park, Melbourne, as part of the 'poofter-bashing' epidemic in Victoria during the 80s and 90s.",70,high,historical_discovery,,-37.7933306,144.9039329
"Israel Folau linked bushfires and drought to same-sex marriage and abortion in a sermon, targeting homosexuals and expressing discriminatory views based on religious beliefs.",,hate_speech,20191117T000000Z,"Kenthurst, Sydney",general_lgbtiq,"Israel Folau linked bushfires and drought to same-sex marriage and abortion in a sermon, targeting homosexuals and expressing discriminatory views based on religious beliefs.",70,medium,historical_discovery,,-33.6394785,151.0002968
"Mhelody Polan Bruno, a 25-year-old transgender woman, was found unresponsive in a home in Wagga Wagga, allegedly choked and sexually assaulted. She later died in the hospital, sparking outrage and ...",,murder,20190922T000000Z,"Wagga Wagga, NSW",trans_woman,"Mhelody Polan Bruno, a 25-year-old transgender woman, was found unresponsive in a home in Wagga Wagga, allegedly choked and sexually assaulted. She later died in the hospital, sparking outrage and mourning in the LGBTQI and Filipino communities.",70,high,historical_discovery,,-35.115,147.3677778
"A transgender woman in public housing in Murray Bridge, South Australia, faced ongoing harassment including transphobic graffiti, vandalism, and threats of violence. The victim's car was vandalized...",,harassment,20190101T000000Z,"Murray Bridge, South Australia",trans_woman,"A transgender woman in public housing in Murray Bridge, South Australia, faced ongoing harassment including transphobic graffiti, vandalism, and threats of violence. The victim's car was vandalized, and hate messages were directed at her, causing fear for her safety and well-being.",70,medium,historical_discovery,,-35.1309451,139.2651638
"A 12-year-old Jewish boy in Melbourne was surrounded by a group of nine Muslim boys in a park, physically assaulted, forced to kneel, and kiss the shoes of one of the boys. The incident resulted in...",,assault,20191006T000000Z,"Melbourne, Australia",general_lgbtiq,"A 12-year-old Jewish boy in Melbourne was surrounded by a group of nine Muslim boys in a park, physically assaulted, forced to kneel, and kiss the shoes of one of the boys. The incident resulted in humiliation and injustice for the Jewish victim.",70,high,historical_discovery,,-20.3780889,115.550065
"A man, armed with a knife, sexually assaulted and bound a 13-year-old schoolgirl in bushland after luring her into his vehicle. He made videos of himself naked with her and threatened her with a kn...",,sexual_violence,20160626T000000Z,"Western Sydney, NSW",general_lgbtiq,"A man, armed with a knife, sexually assaulted and bound a 13-year-old schoolgirl in bushland after luring her into his vehicle. He made videos of himself naked with her and threatened her with a knife during the assault.",70,high,historical_discovery,,-33.749723,150.6693935
"Mhelody Polan Bruno, a transgender woman of colour from the Philippines, was violently killed in Wagga while on holiday. The community was shocked as the only person arrested in connection with her...",,murder,20180101T000000Z,"Wagga, NSW",trans_woman,"Mhelody Polan Bruno, a transgender woman of colour from the Philippines, was violently killed in Wagga while on holiday. The community was shocked as the only person arrested in connection with her death was released on bail, highlighting ongoing violence against trans individuals.",70,high,historical_discovery,,-35.115,147.3677778
"During a peaceful protest at the International Mining and Resources Conference, Victoria Police brutally attacked protesters with chemical foam and pepper spray. One protester, a climber, was drenc...",,assault,20191030T000000Z,"International Mining and Resources Conference (IMARC), Melbourne",general_lgbtiq,"During a peaceful protest at the International Mining and Resources Conference, Victoria Police brutally attacked protesters with chemical foam and pepper spray. One protester, a climber, was drenched in chemical foam by police in a retaliatory attack, causing burns. The police actions were seen as excessive and targeted towards the protesters.",70,high,historical_discovery,,,
Fast bowler James Pattinson allegedly directed a homophobic slur at a friend and former teammate during a Sheffield Shield match at the MCG.,,hate_speech,20191118T000000Z,"Melbourne Cricket Ground, Melbourne",general_lgbtiq,Fast bowler James Pattinson allegedly directed a homophobic slur at a friend and former teammate during a Sheffield Shield match at the MCG.,70,medium,historical_discovery,,-37.819909,144.983225
"A 40-year-old radiologist, Denise Jane Lee, bombarded her ex-boyfriend's new partner with 9000 insulting and threatening messages on Tinder and iMessages. She also launched a malicious campaign aga...",,harassment,20191105T000000Z,"Downing Centre, Sydney",unknown,"A 40-year-old radiologist, Denise Jane Lee, bombarded her ex-boyfriend's new partner with 9000 insulting and threatening messages on Tinder and iMessages. She also launched a malicious campaign against the new partner, spreading defamatory information to 127 people. Lee was convicted of sexual harassment and faced imprisonment.",70,medium,historical_discovery,,-33.877434,151.2090264
"A five-year-old girl was the victim of a heinous rape and attempted murder by a man with a criminal history, in a bush camp on the outskirts of Kununurra, WA.",,sexual_violence,20010101T000000Z,"Kununurra, WA",unknown,"A five-year-old girl was the victim of a heinous rape and attempted murder by a man with a criminal history, in a bush camp on the outskirts of Kununurra, WA.",70,high,historical_discovery,,-15.7730916,128.738839
"Two gay Saudi journalists sought asylum in Australia after facing threats and persecution in Saudi Arabia. They were detained upon arrival and felt distressed and surprised by the treatment, includ...",,threat,20190415T000000Z,Australia,general_lgbtiq,"Two gay Saudi journalists sought asylum in Australia after facing threats and persecution in Saudi Arabia. They were detained upon arrival and felt distressed and surprised by the treatment, including threats of violence by immigration detention facility guards.",70,high,historical_discovery,,-24.7761086,134.755
"A Chinese Australian supermarket owner in Wagga Wagga, NSW, was fined over $10,000 for discrimination after attempting to dismiss an Australian local employee and replace her with an Asian employee...",,discrimination,20190101T000000Z,"Wagga Wagga, NSW",unknown,"A Chinese Australian supermarket owner in Wagga Wagga, NSW, was fined over $10,000 for discrimination after attempting to dismiss an Australian local employee and replace her with an Asian employee. The employee filed a complaint citing discrimination, leading to a ruling by the Fair Work Commission.",70,medium,historical_discovery,,-35.115,147.3677778
"Margaret Court delivered a sermon at a Perth church where she condemned transgender athletes and transgender children, stating that being gay was 'a choice' and expressing opposition to LGBT issues.",,hate_speech,20191230T000000Z,"Perth, WA",general_lgbtiq,"Margaret Court delivered a sermon at a Perth church where she condemned transgender athletes and transgender children, stating that being gay was 'a choice' and expressing opposition to LGBT issues.",70,medium,historical_discovery,,-31.9558967,115.8605784
