incident_id,date_of_incident,location,suburb,postcode,state,latitude,longitude,description,incident_type,victim_identity,perpetrator_info,source_url,source_name,publication_date,source_authority_level,confidence_score,verification_status,historical_notes,archival_status
HIST_2019_UNK_001,15 02 2019,"Crown Heights, Brooklyn",,,,,,Two Jews were attacked while walking in the Crown Heights section of Brooklyn.,assault,unknown,,,jewishledger.com,20191218T181500Z,6,,single-source,,digitized
HIST_2019_UNK_002,01 12 2019,"University of Georgia, Georgia College and State University, Milledgeville, Georgia",,,,,,"Swastikas were found drawn on message boards in student halls at the University of Georgia and Georgia College and State University in Milledgeville, sparking fears among students and parents. The incidents are part of a rise in hate crimes on campuses across the US.",vandalism,general_lgbtiq,,,independent.co.uk,20191201T153000Z,6,,single-source,,digitized
HIST_2019_UNK_003,26 11 2019,not specified,,,,,,"The Indonesian Ministries of Defense and Trade, along with the Attorney General’s Office, implemented a ban on LGBTQ+ job seekers, stating that applicants must not show sexual orientation or behavioral deviations. This discriminatory policy sparked outrage among LGBTQ+ individuals in Indonesia.",discrimination,general_lgbtiq,,,ibtimes.com,20191126T050000Z,6,,single-source,,digitized
HIST_2019_WA_004,21 11 2019,"Howard Drive, Monsey, Ramapo, Rockland County",,,,,,"An Orthodox Jewish man was stabbed and slashed outside a local synagogue in Monsey, Rockland County. The victim was approached from behind early Wednesday and attacked by at least one person, leaving him with multiple wounds.",assault,unknown,,,independent.co.uk,20191121T104500Z,6,,single-source,,digitized
HIST_2019_WA_005,07 11 2019,"Milwaukee, Wisconsin",,,,,,"A 61-year-old man sprayed acid in the face of a 42-year-old US citizen of Hispanic descent, causing second-degree burns. The attacker made racist remarks and targeted the victim based on his ethnicity, leading to a hate crime charge.",assault,general_lgbtiq,,,independent.co.uk,20191107T111500Z,6,,single-source,,digitized
HIST_2019_WA_006,03 11 2019,"Oslo, Norway",,,,,,"Greg Johnson, a white supremacist with extreme right-wing ideology, was detained in Norway before a far-right conference. He has expressed anti-Semitic and racist views, promoting white-only states. Protesters chanted against racism at the event.",hate_speech,general_lgbtiq,,,independent.co.uk,20191103T231500Z,6,,single-source,,digitized
HIST_2017_UNK_007,15 10 2017,"New York City, New York",Manhattan,10017,,40.7510405,-73.9755221,"Abel Cedeno, a gay New York teenager, stabbed a classmate to death after enduring years of homophobic bullying. The incident led to a two-year trial that divided the city and sparked a media frenzy.",murder,gay_man,,,theguardian.com,20191029T064500Z,6,,single-source,,digitized
HIST_2019_UNK_008,28 10 2019,"Chicago, Illinois",,,,,,"During a speech in Chicago, President Trump referenced actor Jussie Smollett's staged hate crime incident, calling it a 'scam' and comparing it to the impeachment probe. Trump's comments were seen as derogatory towards the LGBTIQ+ community.",hate_speech,general_lgbtiq,,,independent.co.uk,20191028T224500Z,6,,single-source,,digitized
HIST_2019_UNK_009,22 10 2019,"Las Vegas, Nevada",,,,,,"Conor Climo, a Las Vegas man, plotted attacks on a synagogue and LGBT bar, indicating a threat towards the LGBTIQ+ community.",threat,general_lgbtiq,,,thedailybeast.com,20191022T124500Z,6,,single-source,,digitized
HIST_2019_UNK_010,22 10 2019,"Las Vegas, Nevada",,,,,,"Conor Climo, a Las Vegas man, plotted attacks on a synagogue and LGBT bar, indicating a threat towards the LGBTIQ+ community.",threat,general_lgbtiq,,,news.yahoo.com,20191022T120000Z,6,,single-source,,digitized
HIST_2019_UNK_011,17 10 2019,"Christchurch, Auckland",,,,,,"American pastor Steven Anderson, known for hate speech against various groups including LGBTIQ+ individuals, was denied entry to New Zealand on character grounds, preventing him from preaching in Christchurch and Auckland. His past sermons included advocating for homosexuality to be a crime punishable by death.",hate_speech,general_lgbtiq,,,thespinoff.co.nz,20191021T054500Z,6,,single-source,,digitized
HIST_2019_UNK_012,01 01 2019,not specified,,,,,,A gay man was bludgeoned to death in Uganda as part of extremist homophobic sentiments whipped up by the proposed 'Kill the Gays' bill.,murder,gay_man,,,starobserver.com.au,20191012T030000Z,6,,single-source,,digitized
HIST_2019_UNK_013,06 10 2019,"Johannesburg, South Africa",,,,,,"Renowned psychologist Dr. Mirah Wilks, specializing in surviving hate crime and violence, was brutally murdered in her home in Johannesburg by armed robbers who stabbed her multiple times and slit her throat. Dr. Wilks was known for her research on hate crimes, trauma, and violence, with a focus on South Africa's LGBTIQ+ community.",murder,general_lgbtiq,,,sapeople.com,20191010T073000Z,6,,single-source,,digitized
HIST_2019_UNK_014,19 01 2019,"Brixton Road, Lambeth, London",,,,,,"A gay couple was targeted with pepper spray in a suspected homophobic attack at a bus stop. The assailant, accompanied by four friends, sprayed the couple while making homophobic remarks. The victims had to be rushed to the hospital for treatment.",assault,gay_man,,,independent.co.uk,20191004T183000Z,6,,single-source,,digitized
HIST_2019_UNK_015,15 08 2019,not specified,,,,,,"Archbishop Marek Jędraszewski made derogatory remarks about the LGBT community, referring to them as a 'rainbow plague' during a sermon, sparking criticism in the media and among fellow clergy members.",hate_speech,general_lgbtiq,,,tvn24.pl,20191229T203000Z,6,,single-source,,digitized
HIST_2019_UNK_016,15 01 2019,"Canal Street, Manchester",,,,,,"Julia Grant, a transgender activist and campaigner for Manchester's Gay Village, faced discrimination and struggles in campaigning to protect Canal Street from developers.",discrimination,trans_woman,,,manchestereveningnews.co.uk,20191229T104500Z,6,,single-source,,digitized
HIST_2019_UNK_017,15 08 2019,not specified,,,,,,"Archbishop Marek Jędraszewski made derogatory remarks about the LGBT community, referring to them as a 'rainbow plague' and being critical of the 'LGBT ideology'. His comments sparked controversy and criticism in the media.",hate_speech,general_lgbtiq,,,tvn24.pl,20191227T191500Z,6,,single-source,,digitized
HIST_2019_UNK_018,24 12 2019,Rio de Janeiro,Campo Grande,23017-000,,-22.9246868,-43.531491,"Porta dos Fundos, a Brazilian comedy troupe's headquarters in Rio de Janeiro, was targeted with Molotov cocktails on Christmas Eve after releasing a Netflix film depicting Jesus as gay. No injuries were reported.",arson,general_lgbtiq,,,independent.co.uk,20191226T004500Z,6,,single-source,,digitized
HIST_2019_SA_019,01 01 2019,"Chicago, Illinois, USA",,,,,,"The novel 'The Great Believers' by Rebecca Makkai, set in Chicago during the AIDS crisis, portrays discrimination and challenges faced by a group of gay men. The themes of love, mortality, and community highlight the struggles of individuals during a difficult period.",discrimination,gay_man,,,berkeleyside.com,20191224T210000Z,6,,single-source,,digitized
HIST_2011_UNK_020,15 11 2011,not specified,,,,,,"In the film 'Weekend' from 2011, a gay club hook-up between Russell and Glen turns into a 48-hour exploration of self-hatred and intimacy. The film portrays the challenges faced by queer men in a romantic and realistic manner.",assault,gay_man,,,junkee.com,20191219T104500Z,6,,single-source,,digitized
HIST_2012_UNK_021,01 09 2012,"Melbourne, Australia",,,,-20.3780889,115.550065,"Irish woman Jill Meagher, a member of the general LGBTIQ+ community, was tragically murdered in Melbourne, Australia, by Adrian Ernest Bayley in September 2012.",murder,general_lgbtiq,,,thesun.ie,20191227T100000Z,6,,single-source,,digitized
HIST_2017_UNK_022,04 11 2017,Big Brother house,Coomera,4209,,-27.8588717,153.3149247,A Spanish Big Brother contestant was allegedly sexually assaulted by another contestant while she was asleep after a party. The victim discovered the assault when forced to watch the footage in the diary room.,sexual_violence,unknown,,,independent.co.uk,20191201T201500Z,6,,single-source,,digitized
HIST_1985_UNK_023,01 03 1985,"Footscray Park, Melbourne",Footscray,3011,,-37.7933306,144.9039329,"In 1985, a 55-year-old gay man was shot and killed in Footscray Park, Melbourne, as part of the 'poofter-bashing' epidemic in Victoria during the 80s and 90s.",murder,gay_man,,,starobserver.com.au,20191130T033000Z,6,,single-source,,digitized
HIST_2006_UNK_024,08 01 2006,"Nisshin Maru, Japanese whaling ship",,,,,,"On 8 January 2006, the Greenpeace vessel Arctic Sunrise deliberately rammed the Nisshin Maru, a Japanese whaling ship, in protest against overfishing and the slaughter of bottlenose dolphins. The incident involved a physical attack on the whaling ship.",assault,general_lgbtiq,,,listverse.com,20191120T131500Z,6,,single-source,,digitized
HIST_2019_UNK_025,11 11 2019,"RAM bar, Kambala, Uganda",,,,,,"Police raided the RAM bar in Uganda, arresting 127 people, with 67 imprisoned and charged with 'common nuisance'. Patrons were dragged and thrown onto police trucks, leading to concerns of an assault on the LGBTQI community.",assault,general_lgbtiq,,,starobserver.com.au,20191120T124500Z,6,,single-source,,digitized
HIST_2019_NT_026,17 11 2019,"Kenthurst, Sydney",Kenthurst,2156,,-33.6394785,151.0002968,"Israel Folau linked bushfires and drought to same-sex marriage and abortion in a sermon, targeting homosexuals and expressing discriminatory views based on religious beliefs.",hate_speech,general_lgbtiq,,,foxsports.com.au,20191117T141500Z,6,,single-source,,digitized
HIST_2019_UNK_027,17 11 2019,not specified,,,,,,"Israel Folau made hate speech linking natural disasters to same-sex marriage and abortion, urging repentance based on his religious beliefs.",hate_speech,general_lgbtiq,,,nzherald.co.nz,20191117T120000Z,6,,single-source,,digitized
HIST_2019_UNK_028,14 11 2019,not specified,,,,,,"The article discusses the aftermath of the marriage equality vote, highlighting concerns about freedom of speech and religion. It mentions the labeling of certain viewpoints as 'hate speech' and the pressure for conformity to new societal norms.",hate_speech,general_lgbtiq,,,spectator.com.au,20191114T211500Z,6,,single-source,,digitized
HIST_2017_SA_029,01 01 2017,"Isa Town prison, Bahrain",,,,,,Female human rights activist Najah Yusuf was sexually assaulted in Isa Town prison in Bahrain due to her activism against human rights violations.,assault,general_lgbtiq,,,independent.co.uk,20191108T043000Z,6,,single-source,,digitized
HIST_2019_UNK_030,06 11 2019,not specified,,,,,,Labor's proposal to allow police to force people who assault emergency responders to submit to blood tests is criticized by Alex Greenwich for potentially targeting the LGBTI community and other vulnerable groups. He argues that the policy jeopardizes progress in destigmatizing the LGBTI community and equality in the eyes of the law.,discrimination,general_lgbtiq,,,starobserver.com.au,20191106T061500Z,6,,single-source,,digitized
HIST_2019_NT_031,05 11 2019,"Newmarket, Toronto",,,,,,"A man was charged with a hate-motivated assault after attacking a victim sitting in a vehicle with a rainbow logo, yelling a homophobic slur, hitting the victim, and breaking his phone before fleeing.",assault,gay_man,,,windycitymediagroup.com,20191105T144500Z,6,,single-source,,digitized
HIST_2016_SA_032,29 10 2016,Manresa,Nive,,,-25.410893,146.6860521,"Five men were found guilty of sexually abusing a 14-year-old girl who was in an unconscious state during a drinking session at an abandoned factory in Manresa, Spain. The court ruled that the victim, a gender-diverse individual, was unable to oppose the sexual relations due to her state.",sexual_violence,gender_diverse,,,independent.co.uk,20191101T141500Z,6,,single-source,,digitized
HIST_2017_UNK_033,01 04 2017,"Muharraq police station, Bahrain",,,,,,"Najah Yusuf, a Bahraini activist, was raped and abused by authorities at the Muharraq police station after criticizing the Bahrain Grand Prix and human rights abuses on Facebook. She was threatened with rape, death, and harm to her children, leading her to contemplate suicide.",assault,general_lgbtiq,,,independent.co.uk,20191027T214500Z,6,,single-source,,digitized
HIST_2017_UNK_034,15 11 2017,not specified,,,,,,"Despite progress for same-sex couples, challenges remain as members of the LGBTQ community, especially trans women of color, still face prejudice, discrimination, and hate crimes.",hate_crime,trans_woman,,,thesocietypages.org,20191011T230000Z,6,,single-source,,digitized
HIST_1991_UNK_035,01 03 1991,"Footscray Park, Melbourne",Footscray,3011,,-37.7933306,144.9039329,Robert Murley fatally attacked Joe Godfrey after claiming Godfrey made a sexual advance. The attack resulted in Godfrey's death and was fueled by Murley's intense detestation of homosexual advances.,murder,gay_man,,,starobserver.com.au,20191010T104500Z,6,,single-source,,digitized
HIST_2019_UNK_036,03 10 2019,"Orlando, Florida",,,,,,"A group of Proud Boys, known for their extreme patriotism and anti-Muslim stance, gathered with Trump supporters outside an invitation-only appearance by the president at The Villages. They engaged in rowdy behavior and expressed their political views, including denouncing accusations of being homophobic and racist white supremacists.",harassment,general_lgbtiq,,,palmbeachpost.com,20191009T234500Z,6,,single-source,,digitized
HIST_2019_UNK_037,01 01 2019,Avusturya,Katastralgemeinde Emmersdorf,3644,,48.2411517,15.3268159,"Avusturya Anayasa Mahkemesi, eşit evliliği yasallaştırdı, bu sayede eşcinsel çiftler artık evlenebilecek.",discrimination,general_lgbtiq,,,bianet.org,20191230T214500Z,6,,single-source,,digitized
HIST_2019_UNK_038,18 10 2019,"Columbia, Missouri",,,,,,"Amanda Loucks, a lesbian woman, underwent conversion therapy in Columbia, Missouri, at Morningstar Christian Counseling. The therapy involved attempts to change her sexual orientation through counseling and religious interventions.",discrimination,lesbian,,,molawyersmedia.com,20191018T161500Z,6,,single-source,,digitized
HIST_2019_UNK_039,04 10 2019,not specified,,,,,,"Kate Francis, an admin of the Lezbehonest Facebook group, has been targeted with online abuse, including threats and harassment, for supporting LGBTIQ people. The abuse extended to personal threats and attacks on her identity.",harassment,lesbian,,,abc.net.au,20191004T230000Z,6,,single-source,,digitized
HIST_2019_UNK_040,15 11 2019,not specified,,,,,,"Wanuri Kahiu, a Kenyan filmmaker, faced discrimination due to the content of her film 'Rafiki,' an African lesbian love story, which was recognized internationally. The discrimination is evident in the challenges she encountered in promoting her work.",discrimination,general_lgbtiq,,,moguldom.com,20191126T164500Z,6,,single-source,,digitized
HIST_2019_UNK_041,01 11 2019,Belgrade,Greenvale,3059,,-37.622304,144.8898317,"Ilija Vucevic, a 39-year-old Serbian man, was attacked by two men in a restaurant in Belgrade who believed he was gay due to carrying a pink transporter dog bag. He lost three teeth and suffered cuts and bruises in the assault.",assault,gay_man,,,starobserver.com.au,20191119T034500Z,6,,single-source,,digitized
HIST_2019_UNK_042,07 11 2019,Not specified,,,,,,"Margaret Court expressed controversial views on gay marriage, referring to it as ungodly and attributing LGBT tendencies to the devil. Her statements were considered mean-spirited and offensive by some individuals.",hate_speech,general_lgbtiq,,,theage.com.au,20191107T141500Z,6,,single-source,,digitized
HIST_2019_UNK_043,07 11 2019,not specified,,,,,,"Delta Airlines screened a censored version of the film Booksmart, cutting out the word 'lesbian' and a same-sex love scene. The director accused the airline of heavy-handed editing, leading to backlash and the scenes being restored.",discrimination,general_lgbtiq,,,traveller.com.au,20191106T230000Z,6,,single-source,,digitized
HIST_2019_UNK_044,05 11 2019,Cook Islands,Fingal,,,-28.1953819,153.5777904,"The Cook Islands government is moving to criminalize homosexuality, with the revised Crimes Bill punishing consensual sex acts between adults with imprisonment. LGBTQI rights group Te Tiare Association has launched a petition campaign against the discriminatory language in the bill.",discrimination,general_lgbtiq,,,starobserver.com.au,20191105T023000Z,6,,single-source,,digitized
HIST_2019_UNK_045,01 11 2019,Uganda,Burwood,3125,,-37.844116,145.1078411,"Brian Wasswa, a member of the Ugandan LGBT community, was brutally attacked and murdered. He is one of four community members who have been attacked in the past three months.",murder,general_lgbtiq,,,starobserver.com.au,20191030T070000Z,6,,single-source,,digitized
HIST_2019_UNK_046,28 10 2019,"Kampala, Uganda",Nakasero,,,0.3222749,32.5836599,"Sixteen LGBTIQ activists in Uganda were arrested on suspicion of gay sex and subjected to forced anal examinations under Uganda's strict anti-gay laws, leading to an escalation in homophobic sentiment in the nation.",discrimination,general_lgbtiq,,,starobserver.com.au,20191028T233000Z,6,,single-source,,digitized
HIST_2019_NSW_047,22 09 2019,"Wagga Wagga, NSW",,,,-35.115,147.3677778,"Mhelody Polan Bruno, a 25-year-old transgender woman, was found unresponsive in a home in Wagga Wagga, allegedly choked and sexually assaulted. She later died in the hospital, sparking outrage and mourning in the LGBTQI and Filipino communities.",murder,trans_woman,,,starobserver.com.au,20191021T060000Z,6,,single-source,,digitized
HIST_2019_UNK_048,17 10 2019,"Camera, Via delle Rosine 18",,,,,,"The incident involved discrimination against black lesbian women, as described in the exhibition 'Wo / Man Ray. Le seduzioni della fotografia' by Zanele Muholi at the Centro Italiano per la Fotografia.",discrimination,lesbian,,,torino.repubblica.it,20191017T071500Z,6,,single-source,,digitized
HIST_2019_UNK_049,08 10 2019,"French Senate, Paris",,,,,,"Conservative activists protested against a new French bioethics law allowing lesbian couples and single women access to medically-assisted procreation, such as IVF and sperm donation. The protest included chants and placards expressing opposition to the law.",discrimination,general_lgbtiq,,,starobserver.com.au,20191008T024500Z,6,,single-source,,digitized
HIST_1971_UNK_050,01 01 1971,"Attica State Prison, New York",,,,,,"Frank 'Big Black' Smith, an inmate at Attica State Prison, played a crucial role in protecting hostages, prisoners, and negotiators during the 1971 uprising. His experience highlights the challenges faced in standing up to injustice.",assault,general_lgbtiq,,,paulgravett.com,20191006T220000Z,6,,single-source,,digitized
HIST_2019_NSW_051,07 10 2019,"Wagga Wagga, NSW",,,,-35.115,147.3677778,"Mhelody Polan Bruno, a Filipina trans woman, was murdered through strangulation in Wagga Wagga. There are fears that she was also raped. A man was arrested and charged with manslaughter in connection to her death.",murder,trans_woman,,,starobserver.com.au,20191005T100000Z,6,,single-source,,digitized
HIST_2019_UNK_052,15 12 2019,"Tschetschenien border, Russia",,,,,,"The LGBTI activist and his team symbolically raised the rainbow flag near the border of Chechnya, where LGBTI individuals face systematic persecution and torture. The activist receives hateful messages, including death threats, due to his public advocacy for LGBTI rights in Central Asia.",threat,general_lgbtiq,,,tagesspiegel.de,20191223T130000Z,6,,single-source,,digitized
HIST_2019_UNK_053,30 11 2019,Hungary,,,,-18.2399986,144.181104,The Hungarian government decided to withdraw from the Eurovision Song Contest amidst increasing anti-LGBTQI rhetoric from the far-right government. The decision was criticized as discriminatory against LGBTQI individuals and was linked to the government's opposition to same-sex marriage and promotion of traditional family values.,discrimination,general_lgbtiq,,,starobserver.com.au,20191130T104500Z,6,,single-source,,digitized
HIST_2019_SA_054,01 01 2019,"Murray Bridge, South Australia",,5253,,-35.1309451,139.2651638,"A transgender woman in public housing in Murray Bridge, South Australia, faced ongoing harassment including transphobic graffiti, vandalism, and threats of violence. The victim's car was vandalized, and hate messages were directed at her, causing fear for her safety and well-being.",harassment,trans_woman,,,starobserver.com.au,20191130T033000Z,6,,single-source,,digitized
HIST_2019_SA_055,25 10 2019,"Murray Bridge, South Australia",,5253,,-35.1309451,139.2651638,"A transgender woman in public housing faced ongoing harassment, including transphobic graffiti, vandalism, and threats of violence. The victim reported incidents to authorities but has not been relocated to safer accommodation despite ongoing harassment.",harassment,trans_woman,,,starobserver.com.au,20191129T003000Z,6,,single-source,,digitized
HIST_2019_UNK_056,04 10 2019,"Jinja, Uganda",,,,,,"Brian Wasswa, a gay man and LGBTQI activist, was brutally murdered in his home in Jinja, Uganda. He was bludgeoned to death with a garden hoe, sparking calls for a thorough investigation into the fatal attack.",murder,gay_man,,,starobserver.com.au,20191017T134500Z,6,,single-source,,digitized
HIST_2019_UNK_057,16 10 2019,Perugia,Greenvale,3059,,-37.6246645,144.8864273,"Stefano Bucaioni, a leader advocating for LGBTIQ+ rights, criticizes the Family Day movement for promoting discriminatory values against the LGBTIQ+ community. The movement's manifesto opposes existing anti-discrimination laws and seeks to limit the rights of LGBTIQ+ individuals and families.",discrimination,general_lgbtiq,,,perugiatoday.it,20191016T190000Z,6,,single-source,,digitized
HIST_2019_UNK_058,06 10 2019,"Melbourne, Australia",,,,-20.3780889,115.550065,"A 12-year-old Jewish boy in Melbourne was surrounded by a group of nine Muslim boys in a park, physically assaulted, forced to kneel, and kiss the shoes of one of the boys. The incident resulted in humiliation and injustice for the Jewish victim.",assault,general_lgbtiq,,,informazionecorretta.com,20191006T151500Z,6,,single-source,,digitized
HIST_2019_WA_059,01 07 2019,"Seattle, Washington",,,,,,"A 33-year-old transgender woman, Paige A. Thompson, who worked as a software engineer in Seattle, was arrested in relation to a massive data breach which put over 100 million Capital One credit card applicants at risk.",discrimination,trans_woman,,,breitbart.com,20200101T160000Z,6,,single-source,,digitized
HIST_2019_UNK_060,15 01 2019,Pakistan,نولکھا,54100,,31.576166,74.3335009,"Maya, a transgender woman, was killed by family members despite concerns for her safety. Several family members were arrested but denied involvement.",murder,trans_woman,,,independent.co.uk,20200101T003000Z,6,,single-source,,digitized
HIST_2019_UNK_061,15 12 2019,"Tokyo, Japan",,,,,,"A transgender woman employed by the Economy, Trade and Industry Ministry in Japan successfully sued her employer for denying her the right to use the bathroom that aligns with her gender identity. The Tokyo district court awarded damages to the woman for being forced to use a bathroom other than the women’s bathroom on her office’s floor.",discrimination,trans_woman,,,windycitymediagroup.com,20191224T143000Z,6,,single-source,,digitized
HIST_2019_UNK_062,18 12 2019,Poland,Gałęzinowo,,,54.5307257,16.9470918,"The European Parliament condemned the 'LGBT ideology-free zones' in Poland, urging Warsaw to revoke resolutions targeting gays, lesbians, and transgender individuals. Over 80 cases of such resolutions were recorded in Poland in 2019.",discrimination,general_lgbtiq,,,dw.com,20191218T223000Z,6,,single-source,,digitized
HIST_2019_UNK_063,15 12 2019,not specified,,,,,,"The novel '犬' by 赤松利市 features transgender individuals as main characters, exploring themes of violence and warmth towards the transgender community. The author's portrayal of transgender individuals is described as very warm.",discrimination,trans_woman,,,books.j-cast.com,20191230T020000Z,6,,single-source,,digitized
HIST_2019_UNK_064,24 09 2019,"秀茂坪順天邨天權樓地下大快活, Hong Kong",,,,,,"On September 24, 2019, in Hong Kong, a female journalist from Apple Daily was physically assaulted by four unidentified individuals wearing yellow helmets and masks. The journalist and her companion were severely injured, with the attackers fleeing the scene after the assault. The attackers warned the journalist to have her boss, Jimmy Lai, repay debts before fleeing.",assault,general_lgbtiq,,,ntdtv.com,20191214T070000Z,6,,single-source,,digitized
HIST_2016_NSW_065,26 06 2016,"Western Sydney, NSW",Emu Plains,2750,,-33.749723,150.6693935,"A man, armed with a knife, sexually assaulted and bound a 13-year-old schoolgirl in bushland after luring her into his vehicle. He made videos of himself naked with her and threatened her with a knife during the assault.",sexual_violence,general_lgbtiq,,,nzherald.co.nz,20191212T034500Z,6,,single-source,,digitized
HIST_1998_SA_066,28 11 1998,"Massachusetts, USA",,,,,,"Rita Hester, a transgender woman, was murdered in Massachusetts, USA, leading to the establishment of the International Transgender Day of Remembrance in 1999.",murder,trans_woman,,,pinknews.co.uk,20191120T154500Z,6,,single-source,,digitized
HIST_2018_NSW_067,01 01 2018,"Wagga, NSW",,,,-35.115,147.3677778,"Mhelody Polan Bruno, a transgender woman of colour from the Philippines, was violently killed in Wagga while on holiday. The community was shocked as the only person arrested in connection with her death was released on bail, highlighting ongoing violence against trans individuals.",murder,trans_woman,,,junkee.com,20191120T073000Z,6,,single-source,,digitized
HIST_2019_UNK_068,20 11 2019,"Anabel Taylor Chapel, Ithaca",,,,,,A moving vigil commemorating the 370 lives lost due to anti-transgender hatred or prejudice over the past year for the International Transgender Day of Remembrance. The ceremony included reading out the names of the victims with Reverend Taylor Daynes emphasizing the importance of acknowledging these names.,murder,transgender,,,cornellsun.com,20191120T054500Z,6,,single-source,,digitized
HIST_2019_UNK_069,09 11 2019,Cook Islands,Fingal,,,-28.1953819,153.5777904,The Cook Islands’ representative in Miss Jewel of the Pacific plans to raise awareness of the country’s intentions to recriminalize homosexuality during the pageant.,discrimination,general_lgbtiq,,,cookislandsnews.com,20191110T004500Z,6,,single-source,,digitized
HIST_2019_WA_070,09 11 2019,"Purwakarta, West Java Province, Indonesia",,,,,,"Acep Saepudin's father sought an Islamic exorcism to 'cure' his son of being gay in Purwakarta, Indonesia. The exorcism was performed, but it did not change Saepudin's sexual orientation, leading to frustration and depression.",discrimination,general_lgbtiq,,,newageislam.com,20191109T153000Z,6,,single-source,,digitized
HIST_2019_UNK_071,15 11 2019,not specified,,,,,,NATO leaders agree to set up a committee of experts to analyze political decision-making after French President Emmanuel Macron's comments about the 'brain death' of the military alliance.,other,unknown,,,baynews9.com,20191207T033000Z,6,,single-source,,digitized
HIST_2014_UNK_072,12 02 2014,"Western Springs, Auckland",Westmere,1022,,-36.8622961,174.7190716,"Odd Future, a rap group, was banned from entering New Zealand due to their history of inciting violence and promoting hatred, as perceived by Immigration officials. The ban was influenced by comparisons made by an anti-sex abuse group between the group's lyrics and a local sexual assault case.",discrimination,general_lgbtiq,,,newstalkzb.co.nz,20200101T220000Z,6,,single-source,,digitized
HIST_2014_UNK_073,12 02 2014,"Western Springs, Auckland",Westmere,1022,,-36.8622961,174.7190716,"Immigration officials viewed Odd Future's lyrics as homophobic and racist, leading to a ban on the group's performance. The ban was influenced by the group's history of inciting violence, with a specific incident of a police officer being hospitalized following a riot blamed on Odd Future in May 2011.",threat,general_lgbtiq,,,nzherald.co.nz,20200101T101500Z,6,,single-source,,digitized
HIST_2019_UNK_074,12 12 2019,Not specified,,,,,,"YouTube banned videos that maliciously insulted people based on their race, gender, or sexual orientation. A conservative commentator repeatedly attacked a producer using homophobic insults, leading to the crackdown on toxic users.",hate_speech,general_lgbtiq,,,independent.co.uk,20191212T110000Z,6,,single-source,,digitized
HIST_2019_UNK_075,09 12 2019,"Fondazione Made in Cloister, Napoli",,,,,,"A chair with the inscription 'this is the chair of the gays' was found in a classroom, initially a target of bullying and discrimination, but later transformed into a positive symbol against homophobia and discrimination. The chair became a focal point at the OMOVIES Film Festival 2019 as a representation of embracing diversity.",discrimination,general_lgbtiq,,,napolitan.it,20191209T163000Z,6,,single-source,,digitized
HIST_2019_UNK_076,02 11 2019,"Indiana University Bloomington, Indiana",,,,,,"A university professor shared an article stating women are too emotional for academia, drawing condemnation for peddling racist, sexist, and homophobic views. The professor used social media to push bigoted views against women, gay men, and black students.",hate_speech,general_lgbtiq,,,independent.co.uk,20191121T173000Z,6,,single-source,,digitized
HIST_2019_UNK_077,15 11 2019,not specified,,,,,,Manoj Bajpayee won an award for playing a gay professor struggling against homophobic prejudice in the biopic Aligarh.,discrimination,gay_man,,,theguardian.com,20191121T131500Z,6,,single-source,,digitized
HIST_2019_NT_078,30 10 2019,"International Mining and Resources Conference (IMARC), Melbourne",,,,,,"During a peaceful protest at the International Mining and Resources Conference, Victoria Police brutally attacked protesters with chemical foam and pepper spray. One protester, a climber, was drenched in chemical foam by police in a retaliatory attack, causing burns. The police actions were seen as excessive and targeted towards the protesters.",assault,general_lgbtiq,,,greenleft.org.au,20191101T030000Z,6,,single-source,,digitized
HIST_2019_UNK_079,15 10 2019,not specified,,,,,,"The article mentions some homophobic phrases that have aged badly in the film 'The Monster Squad' (1987), which may be considered objectionable by some parents.",discrimination,general_lgbtiq,,,saturdayeveningpost.com,20191018T004500Z,6,,single-source,,digitized
HIST_2019_UNK_080,12 10 2019,Uganda,Burwood,3125,,-37.844116,145.1078411,"The Ugandan government announced plans to reintroduce laws imposing the death penalty for homosexuality, targeting gay men. The proposed bill, known as the 'Kill the Gays' law, aims to criminalize and punish individuals involved in homosexual activities with the death sentence.",murder,gay_man,,,qnews.com.au,20191012T014500Z,6,,single-source,,digitized
HIST_2019_UNK_081,04 10 2019,not specified,,,,,,"Under proposed religious freedom laws, concerns raised about potential public shaming of rape survivors and unmarried women seeking contraception based on religious beliefs. Also, worries about denigration of homosexuality and blaming sexual assault survivors under the guise of religious expression.",hate_speech,general_lgbtiq,,,brisbanetimes.com.au,20191004T063000Z,6,,single-source,,digitized
HIST_2019_UNK_082,15 02 2019,"Chicago, Illinois",,,,,,"In February 2019, Hollywood actor Jussie Smollett, a black and gay man, was reported to be the subject of a racist and homophobic attack in Chicago. However, it was later revealed that the incident was staged by Smollett himself.",harassment,trans_woman,,,dailymail.co.uk,20191229T021500Z,6,,single-source,,digitized
HIST_2019_UNK_083,15 12 2019,Sheffield Shield match,,,,,,"During a Sheffield Shield match, Australian cricketer James Pattinson allegedly engaged in a verbal altercation involving a homophobic slur.",hate_speech,unknown,,,nzherald.co.nz,20191216T194500Z,6,,single-source,,digitized
HIST_2019_UNK_084,10 11 2019,"Ram Bar, Kampala",,,,,,"67 people were charged with causing a nuisance after being arrested in a gay-friendly bar in Kampala, Uganda. The police claimed the raid was for enforcing the Tobacco Control Act, but activists condemned it as a homophobic attack.",discrimination,general_lgbtiq,,,windycitymediagroup.com,20191118T170000Z,6,,single-source,,digitized
HIST_2019_UNK_085,15 11 2019,Not specified,,,,,,"James Pattinson made an alleged homophobic remark during a cricket match, resulting in a one-match ban. The incident was described as a 'cheap sledge' and 'out of place in this era'.",hate_speech,general_lgbtiq,,,sen.com.au,20191118T094500Z,6,,single-source,,digitized
HIST_2019_UNK_086,18 11 2019,"Melbourne Cricket Ground, Melbourne",East Melbourne,3000,,-37.819909,144.983225,Fast bowler James Pattinson allegedly directed a homophobic slur at a friend and former teammate during a Sheffield Shield match at the MCG.,hate_speech,general_lgbtiq,,,7news.com.au,20191118T034500Z,6,,single-source,,digitized
HIST_2019_UNK_087,17 11 2019,not specified,,,,,,"James Pattinson was suspended for a reported homophobic slur, potentially costing himself a spot in the test side against Pakistan.",hate_speech,unknown,,,sen.com.au,20191117T234500Z,6,,single-source,,digitized
HIST_2019_UNK_088,15 11 2019,not specified,,,,,,"James Pattinson was banned for using an alleged homophobic slur towards an opponent during a cricket match, leading to his exclusion from the Test arena against Pakistan.",hate_speech,unknown,,,dailymail.co.uk,20191117T090000Z,6,,single-source,,digitized
HIST_2019_UNK_089,05 11 2019,Brazil,,70407-900,,-15.8084346,-47.8741481,"The report highlights the increase in fake news, manipulated images, and conspiracy theories spread on platforms like YouTube and WhatsApp during the 2018 presidential elections in Brazil, targeting various political figures and using homophobic rumors and misleading information.",discrimination,general_lgbtiq,,,dw.com,20191105T153000Z,6,,single-source,,digitized
HIST_2005_UNK_090,01 01 2005,Outskirts of Johannesburg,,,,,,"Johannes Radebe, a Strictly Come Dancing star, was brutally beaten with a baseball bat by a classmate who called him homophobic slurs like 'f****t' and 'disgusting' when he was 17 years old in Johannesburg.",assault,gay_man,,,out.com,20191028T223000Z,6,,single-source,,digitized
HIST_2019_NT_091,04 10 2019,"Nantyffyllon, Maesteg",,,,,,"The article mentions attacks on Leanne Wood, including being labeled as homophobic, among other things, for her political stance. No specific criminal behavior targeting an LGBTIQ+ individual or community is described.",other,general_lgbtiq,,,walesonline.co.uk,20191004T080000Z,6,,single-source,,digitized
HIST_2011_WA_092,31 10 2011,"New Taipei City, Taiwan",,,,,,"A gender-diverse junior high school student, Yang Yuncheng, died by suicide after being bullied by classmates for being effeminate, leading to fear of attending school.",harassment,gender_diverse,,,thenewslens.com,20191231T041500Z,6,,single-source,,digitized
HIST_2019_UNK_093,01 07 2019,"Bialystok, Poland",,,,,,"During the Gay Pride Parade in Bialystok, Poland, attackers stormed the crowd and set off smoke bombs, targeting the LGBTQ+ community.",assault,general_lgbtiq,,,chinapress.com.my,20191220T051500Z,6,,single-source,,digitized
HIST_2006_UNK_094,01 01 2006,"Christchurch Men's Prison, Christchurch",,,,,,"A man lured his 24-year-old neighbor into his room, held him at knifepoint, tied him up, sexually assaulted him for 17 hours, and threatened to kill him. The victim was gagged, had his clothes cut away, and was throttled until he couldn't breathe.",sexual_violence,unknown,,,nzherald.co.nz,20191218T024500Z,6,,single-source,,digitized
HIST_2019_UNK_095,15 11 2019,"Crow Creek Sioux Reservation, South Dakota",,,,,,"The Crow Creek Sioux tribe passed a hate crime law protecting LGBTQ people, modeled after the Matthew Shepard Act. Offenders will face fines and increased jail time. This positive legal development aims to enhance protections for LGBTQ individuals within the tribe.",other,general_lgbtiq,,,intercontinentalcry.org,20191120T173000Z,6,,single-source,,digitized
HIST_2019_UNK_096,04 11 2019,Italy,Carlton,3053,,-37.8022944,144.9666597,"During the 34th session of the Universal Periodic Review in Geneva, Italy received 306 recommendations from the UN, including 17 related to the human rights of LGBTI people. Recommendations ranged from legal recognition of same-sex parents to protection from discrimination and hate crimes.",discrimination,general_lgbtiq,,,gaynews.it,20191108T140000Z,6,,single-source,,digitized
HIST_2019_UNK_097,07 11 2019,not specified,,,,,,"During a live broadcast of the Q&A program, panelists advocated for violence against rapists, with one suggesting that women should kill rapists to combat patriarchy. The comments sparked outrage and debate on social media.",hate_speech,general_lgbtiq,,,dailymail.co.uk,20191107T061500Z,6,,single-source,,digitized
HIST_2019_UNK_098,01 11 2019,Plymouth,Berwick,3806,,-38.0302891,145.3564015,"Brandon, a Face of Plymouth 2019 finalist, expressed his desire to be an advocate for various marginalized groups, including the LGBT community, people of different races, and those who have faced abuse. He aimed to use his platform to raise awareness about societal injustices and support those in need.",discrimination,general_lgbtiq,,,plymouthherald.co.uk,20191101T200000Z,6,,single-source,,digitized
HIST_2019_UNK_099,15 07 2019,比亚韦斯托克市 (Bialystok),,,,,,"During the Gay Pride Parade in Bialystok, Poland, this year, attackers infiltrated the crowd and set off smoke bombs, targeting the LGBTQIA+ community.",assault,general_lgbtiq,,,dw.com,20191219T121500Z,6,,single-source,,digitized
HIST_2019_UNK_100,11 11 2019,"Köln, Germany",,,,,,"An unknown individual approached a 22-year-old Karnevalist in Köln, Germany, and placed a cable tie around his neck, tightening it. The act was severe enough to restrict blood flow to the head, potentially ranging from dangerous bodily harm to attempted murder.",assault,unknown,,,stern.de,20191111T193000Z,6,,single-source,,digitized
HIST_1982_UNK_101,01 01 1982,"Lincoln, Nebraska",,,,,,"Paul Cameron led opposition against anti-discrimination laws based on sexual orientation in Lincoln, Nebraska, spreading misinformation about LGBTQ+ individuals, including unverified claims of harm caused by homosexuality.",discrimination,general_lgbtiq,,,dennikn.sk,20191111T154500Z,6,,single-source,,digitized
HIST_2019_NT_102,05 11 2019,"Downing Centre, Sydney",Sydney,2000,,-33.877434,151.2090264,"A 40-year-old radiologist, Denise Jane Lee, bombarded her ex-boyfriend's new partner with 9000 insulting and threatening messages on Tinder and iMessages. She also launched a malicious campaign against the new partner, spreading defamatory information to 127 people. Lee was convicted of sexual harassment and faced imprisonment.",harassment,unknown,,,1688.com.au,20191105T024500Z,6,,single-source,,digitized
HIST_2019_SA_103,10 12 2019,"Florida, USA",,,,,,"Donald Trump made derogatory and offensive remarks towards Jewish real estate developers, implying they are 'brutal criminals' and pressuring them to vote for him to avoid wealth taxation. Jewish American associations accused Trump of antisemitism.",hate_speech,general_lgbtiq,,,moldova-suverana.md,20191210T000000Z,6,,single-source,,digitized
HIST_2019_UNK_104,22 11 2019,not specified,,,,,,"Media delegates at the Melanesian Media Freedom Forum highlighted increasing threats to journalism in the region, including political and legal threats, physical assaults, illegal detention, and intimidation. Female journalists faced violence threats both at work and in their homes, impacting their professional, personal, and health well-being.",threat,general_lgbtiq,,,thedailyblog.co.nz,20191122T193000Z,6,,single-source,,digitized
HIST_2019_UNK_105,15 10 2019,Kosovo,Ilirida,38220,,42.882385,20.8547473,"During the war in Kosovo, Serbian forces committed sexual violence against Kosovar victims. The issue of sexual violence victims has been raised by diplomats to bring awareness internationally.",sexual_violence,general_lgbtiq,,,telegrafi.com,20191027T124500Z,6,,single-source,,digitized
HIST_2019_UNK_106,15 10 2019,Canada,Scarborough,M1B 5K7,,43.8224793,-79.1831689,"The United Nations report highlighted the abhorrent housing conditions faced by Indigenous people in Canada, including inadequate housing, high rates of homelessness, forced evictions, and contaminated water on reserves. Indigenous women were noted to be further vulnerable to violence due to lacking secure housing.",discrimination,general_lgbtiq,,,cjme.com,20191022T020000Z,6,,single-source,,digitized
HIST_2019_UNK_107,15 10 2019,Canada,Scarborough,M1B 5K7,,43.8224793,-79.1831689,"The UN report highlighted the discrimination faced by Indigenous people, including Indigenous women, in accessing secure and adequate housing in Canada due to their gender and Indigenous identity.",discrimination,general_lgbtiq,,,fftimes.com,20191021T211500Z,6,,single-source,,digitized
HIST_2017_UNK_108,01 01 2017,"South Bend, Indiana",,,,,,"Pete Buttigieg faced criticism for volunteering with the Salvation Army, known for its historical discrimination against LGBTQ people.",discrimination,general_lgbtiq,,,getreligion.org,20191205T204500Z,6,,single-source,,digitized
HIST_2019_UNK_109,11 07 2019,"Ayia Napa, Cyprus",,,,,,"A British woman, part of the general LGBTIQ+ community, was allegedly harassed by the Cypriot press after being accused of falsifying gang rape allegations in Ayia Napa. The woman faced mistreatment, including attempts to take photos of her despite her identity being protected.",harassment,general_lgbtiq,,,independent.co.uk,20191011T224500Z,6,,single-source,,digitized
HIST_2019_UNK_110,11 12 2019,"JC Kosher Supermarket, Jersey City, New Jersey",,,,,,"Two shooting suspects targeted a kosher supermarket in a deadly attack that left four people dead, including civilians and a police detective. The attack was motivated by anti-semitic sentiments.",murder,general_lgbtiq,,,independent.co.uk,20191211T160000Z,6,,single-source,,digitized
HIST_2018_UNK_111,01 01 2018,not specified,,,,,,"One of the former ambassadors of the Rainbow Foundation, a young black South African sailor, was murdered last year after turning his life around through the program. The foundation was renamed in his honor.",murder,unknown,,,yachtsandyachting.com,20191115T194500Z,6,,single-source,,digitized
HIST_2019_NT_112,14 11 2019,"Kent County Sheriff’s Department, Michigan",,,,,,"Jilmar Ramos-Gomez, a US citizen and decorated Marine veteran suffering from post-traumatic stress disorder, was transferred to ICE detention by local officials despite being a US citizen. The ACLU suggested that his name and ethnic background played a role in the transfer, highlighting racial stereotyping and discrimination.",discrimination,general_lgbtiq,,,independent.co.uk,20191114T161500Z,6,,single-source,,digitized
HIST_2020_WA_113,05 06 2020,"Warsaw, Poland",,,,,,"Tyler, The Creator faced past criticism for homophobia, sexism, and violence in his lyrics, leading to concert bans in the UK and New Zealand. Despite controversies, he continues to produce music appealing to a sensitive audience. He is scheduled to perform in Warsaw on June 5, 2020.",harassment,general_lgbtiq,,,newsweek.pl,20191229T204500Z,6,,single-source,,digitized
HIST_2019_NT_114,23 12 2019,"Bayanmönkh, Khentii Province, Mongolia",,,,,,"The head of the Alungoo Association in Mongolia, D.Oyuunchimeg, discriminated against a transgender woman, D.Oyuunchimeg, who has been working in the livestock sector for 24 years. She faced discrimination in her workplace and was subjected to unfair treatment and harassment.",discrimination,gender_diverse,,,news.mn,20191223T140000Z,6,,single-source,,digitized
HIST_2019_WA_115,07 12 2019,"林口体育馆, Taiwan",,,,,,"Prior to a concert by Chen Xiaochun, derogatory graffiti was sprayed outside the venue, and threats of protest and petrol bomb attacks were made online due to Chen's pro-China stance. Despite the threats, the concert proceeded smoothly.",harassment,general_lgbtiq,,,new.qq.com,20191209T160000Z,6,,single-source,,digitized
HIST_2019_SA_116,07 12 2019,"Savannah Bridge, Savannah, Georgia",,,,,,"A male participant ran up behind TV reporter Alex Bozarjian during a live broadcast of a 10km race and smacked her on the bottom, leaving her feeling violated and embarrassed. The incident was condemned by the reporter and fellow journalists.",assault,general_lgbtiq,,,independent.co.uk,20191208T110000Z,6,,single-source,,digitized
HIST_2019_NT_117,27 11 2019,West Virginia Department Division of Corrections and Rehabilitation,,,,,,"Over 30 staff members were pictured giving a Nazi salute in an official photograph, with the phrase 'Hail Byrd!' above the image. The incident was condemned by state officials, politicians, and faith leaders for its antisemitic and hateful nature.",hate_speech,general_lgbtiq,,,independent.co.uk,20191206T203000Z,6,,single-source,,digitized
HIST_2018_UNK_118,15 07 2018,not specified,,,,,,"Elon Musk publicly called a British cave diver a 'pedo guy' on Twitter without evidence, leading to a defamation lawsuit. The diver felt humiliated and harmed by Musk's tweets.",hate_speech,unknown,,,independent.co.uk,20191206T160000Z,6,,single-source,,digitized
HIST_2019_NT_119,04 12 2019,"Haines City Police Department, Florida",,,,,,A man left a boy on the side of the road because he suspected the boy was gay after finding gay pornography on his phone. The man dropped the boy off in front of a police department and told him the police would find him a new home.,discrimination,unknown,,,independent.co.uk,20191204T163000Z,6,,single-source,,digitized
HIST_2019_UNK_120,28 11 2019,not specified,,,,,,"Danielle Stella's campaign Twitter account was permanently suspended after she called for Ilhan Omar to be hanged, citing treason allegations. This incident is part of a series of threats and attacks against Ilhan Omar, including a man pleading guilty to threatening to kill her.",threat,general_lgbtiq,,,independent.co.uk,20191128T164500Z,6,,single-source,,digitized
HIST_2019_UNK_121,28 11 2019,"Bhopal, Madhya Pradesh",,,,,,"During a parliamentary debate, an MP from the ruling party praised Mahatma Gandhi's assassin as a 'patriot', sparking outcry and controversy. The MP's comments were widely interpreted as referring to the assassin, Nathuram Godse.",hate_speech,general_lgbtiq,,,independent.co.uk,20191128T114500Z,6,,single-source,,digitized
HIST_2019_UNK_122,28 11 2019,not specified,,,,,,"Hungary's far-right government pulled out of the Eurovision song contest, citing the competition as 'too gay'. The decision was speculated to be due to hostility towards LGBT+ links, with a pro-government commentator referring to Eurovision as a 'homosexual flotilla'. Positive coverage of LGBT+ rights in the media was discouraged, reflecting a rise in homophobia in Hungary.",discrimination,general_lgbtiq,,,independent.co.uk,20191128T103000Z,6,,single-source,,digitized
HIST_2001_WA_123,01 01 2001,"Kununurra, WA",Kununurra,6743,,-15.7730916,128.738839,"A five-year-old girl was the victim of a heinous rape and attempted murder by a man with a criminal history, in a bush camp on the outskirts of Kununurra, WA.",sexual_violence,unknown,,,theage.com.au,20191021T231500Z,6,,single-source,,digitized
HIST_2001_WA_124,15 01 2001,"Kununurra, WA",Kununurra,6743,,-15.7730916,128.738839,A five-year-old girl was sexually assaulted and almost murdered by a man named Stephen Neil White during a camping trip near Kununurra River in Western Australia.,sexual_violence,unknown,,,smh.com.au,20191021T223000Z,6,,single-source,,digitized
HIST_2019_UNK_125,15 04 2019,Australia,,,,-24.7761086,134.755,"Two gay Saudi journalists sought asylum in Australia after facing threats and persecution in Saudi Arabia. They were detained upon arrival and felt distressed and surprised by the treatment, including threats of violence by immigration detention facility guards.",threat,general_lgbtiq,,,alaraby.co.uk,20191121T193000Z,6,,single-source,,digitized
HIST_2019_UNK_126,31 12 2019,"St Mark's Square, Venice",,,,,,"A left-wing politician, Arturo Scotto, was punched in the face by eight youths while walking through St Mark's Square in Venice. The attackers shouted fascist slogans and made antisemitic references, leading to the assault.",assault,general_lgbtiq,,,independent.co.uk,20200101T233000Z,6,,single-source,,digitized
HIST_2020_UNK_127,01 01 2020,"Mong Kok district, Hong Kong",,,,,,Police fired teargas at pro-democracy protesters on New Year’s Eve after a small crowd set fire to barricades in the Mong Kok district.,assault,general_lgbtiq,,,independent.co.uk,20200101T134500Z,6,,single-source,,digitized
HIST_2001_UNK_128,01 01 2001,East London,City,2601,,-35.279617,149.130249,"Aisha, a trafficking victim from Nigeria, was raped by a legal aid lawyer in East London in 2001 after being promised help with housing. She faced sexual violence and abuse throughout her life.",sexual_violence,unknown,,,independent.co.uk,20191231T220000Z,6,,single-source,,digitized
HIST_2019_UNK_129,30 12 2019,"West Virginia Division of Corrections and Rehabilitation, West Virginia",,,,,,"More than 30 prison cadets and staff were photographed giving a Nazi salute in their uniforms as a sign of respect for their instructor. The instructor encouraged and directed the gesture, leading to the termination of 34 cadets and additional staff members.",discrimination,general_lgbtiq,,,independent.co.uk,20191230T234500Z,6,,single-source,,digitized
HIST_2019_UNK_130,29 12 2019,"Monsey, New York",,,,,,"A man forced his way into a rabbi's home during a Hanukkah celebration and stabbed multiple people, at least one critically injured. The suspect had references to Jews and antisemitism in his journals, and items like a machete with traces of blood were found in his possession.",assault,general_lgbtiq,,,independent.co.uk,20191230T190000Z,6,,single-source,,digitized
HIST_2019_WA_131,09 12 2019,"Clive, Des Moines, Iowa",,,,,,"On 9 December 2019, Nicole Marie Poole Franklin intentionally drove her vehicle into a 14-year-old girl walking to a junior high school in Clive, Iowa, causing the victim to sustain a concussion and bruises. Franklin made derogatory comments about Latinos to investigators, indicating a hate-motivated assault.",assault,unknown,,,independent.co.uk,20191224T110000Z,6,,single-source,,digitized
HIST_2019_UNK_132,23 12 2019,Hong Kong,油麻地 Yau Ma Tei,,,22.3046126,114.1705943,"The article describes Hong Kong actor Huang Qiusheng making controversial statements regarding the Hong Kong police and political situation, including supporting violent protests and separatist movements. He has been accused of spreading hate speech and inciting division.",hate_speech,general_lgbtiq,,,news.hnr.cn,20191223T014500Z,6,,single-source,,digitized
HIST_2019_UNK_133,21 12 2019,Hong Kong,油麻地 Yau Ma Tei,,,22.3046126,114.1705943,"During the Hong Kong protests, the Hong Kong MTR system faced vandalism with multiple incidents of damage to train cars, stations, and equipment. The vandalism caused disruptions and led to significant repair costs for the MTR company.",vandalism,general_lgbtiq,,,new.qq.com,20191222T100000Z,6,,single-source,,digitized
HIST_2019_UNK_134,15 01 2019,not specified,,,,,,"During the Christmas period, there was a spike in forced marriages and honour-based abuse, including assault, against girls, as reported by Karma Nirvana, a national charity supporting forced marriage victims.",assault,gender_diverse,,,independent.co.uk,20191221T193000Z,6,,single-source,,digitized
HIST_2019_WA_135,09 12 2019,Iowa,St Clair,2759,,-33.796961,150.7708644,"A 14-year-old girl was intentionally run over by a driver, Nicole Franklin, who confessed to targeting her because she looked Mexican. The victim suffered injuries and was left unconscious in the snow. The driver made derogatory statements about Latinos, prompting calls for a hate crime charge.",assault,unknown,,,independent.co.uk,20191221T171500Z,6,,single-source,,digitized
HIST_2002_NT_136,01 01 2002,"Harvey Weinstein's Soho apartment, New York",,,,,,"A former model, Kaja Sokola, accused Harvey Weinstein of sexually abusing her when she was 16 years old in his Soho apartment in New York. Weinstein allegedly pressured her into sexual acts and threatened her, causing long-term emotional and psychological effects.",sexual_violence,unknown,,,independent.co.uk,20191220T020000Z,6,,single-source,,digitized
HIST_2019_UNK_137,18 12 2019,"Tokyo, Japan",,,,,,A Tokyo court ordered journalist Noriyuki Yamaguchi to pay damages to Shiori Ito for raping her in 2015. The court found credibility in Ito's account of being raped while unconscious and resisting upon regaining consciousness.,sexual_violence,general_lgbtiq,,,independent.co.uk,20191218T134500Z,6,,single-source,,digitized
HIST_2013_NT_138,01 01 2013,"Ramsey County jail, Minnesota",,,,,,"A Muslim woman, Aida Shyef Al-Kadi, was awarded $120,000 after being forced to undress and remove her hijab for a booking photo at Ramsey County jail in Minnesota. She faced religious discrimination and constitutional rights violations.",discrimination,general_lgbtiq,,,independent.co.uk,20191217T234500Z,6,,single-source,,digitized
HIST_2018_UNK_139,28 01 2018,"Honolulu shopping district, Honolulu",,,,,,"A police officer in Hawaii forced a homeless man to lick a urinal in a restroom, threatening him with arrest if he didn't comply. The victim was subjected to humiliation and physical harm by the officers.",assault,unknown,,,independent.co.uk,20191217T184500Z,6,,single-source,,digitized
HIST_1980_NT_140,01 01 1980,"Buenos Aires, Argentina",,,,,,"Willie Anderson, a rugby player, was detained in Buenos Aires for removing an Albiceleste flag during the Dirty War in Argentina. He faced incarceration and threats of execution for 'demeaning a patriotic symbol'.",discrimination,general_lgbtiq,,,the42.ie,20191013T183000Z,6,,single-source,,digitized
HIST_1994_UNK_141,01 01 1994,South Africa,Coffs Harbour,2450,,-30.2929832,153.1243499,"The article describes hate crimes against minorities in South Africa, including vicious torture and sadistic rape, following the end of apartheid in 1994. The white minority faced discrimination and violence, leading to emigration and societal implosion.",hate_speech,general_lgbtiq,,,lewrockwell.com,20191007T061500Z,6,,single-source,,digitized
HIST_2019_UNK_142,27 09 2019,not specified,,,,,,"Harris County Sheriff’s Deputy Sandeep Singh Dhaliwal, a trailblazer as the first Indian-American of the Sikh faith to wear his religious symbols, was shot in cold blood during a routine traffic stop. The suspect shot him in the back and then stood on top of his head and shot again, leading to his tragic death.",murder,general_lgbtiq,,,newsindiatimes.com,20191004T203000Z,6,,single-source,,digitized
HIST_2019_UNK_143,27 10 2019,"Plymouth, Sutton and Devonport",,,,,,"Homophobic graffiti, including a gay slur, was spray-painted on Labour MP Luke Pollard's constituency office in Plymouth. This is the second incident of vandalism within a fortnight.",vandalism,gay_man,,,independent.co.uk,20191027T211500Z,6,,single-source,,digitized
HIST_2019_UNK_144,12 12 2019,not specified,,,,,,"The US Ambassador to Australia claimed that fake Chinese police cars were parked outside the homes of Uighur people in Australia, threatening anyone expressing concern for the Uighur community. The Chinese government was called upon to take responsibility for these actions.",harassment,gender_diverse,,,news.dahe.cn,20191212T193000Z,6,,single-source,,digitized
HIST_2019_UNK_145,12 12 2019,not specified,,,,,,"The article reports that the US Ambassador to Australia claimed that fake Chinese police cars were parked outside Uighur community homes in Australia, threatening anyone expressing concerns for the Uighur people. The Chinese government was asked to take responsibility for this alleged intimidation.",harassment,general_lgbtiq,,,chinanews.com,20191212T191500Z,6,,single-source,,digitized
HIST_2019_UNK_146,09 06 2019,Hong Kong,油麻地 Yau Ma Tei,,,22.3046126,114.1705943,"In Hong Kong, a series of large-scale demonstrations started due to the controversial 'Fugitive Offenders Ordinance'. The peaceful protests escalated into violent clashes between protesters and police, resulting in hundreds of injuries and over a thousand arrests related to the demonstrations.",assault,general_lgbtiq,,,news.seehua.com,20191212T121500Z,6,,single-source,,digitized
HIST_2019_UNK_147,09 06 2019,Hong Kong,油麻地 Yau Ma Tei,,,22.3046126,114.1705943,"In Hong Kong, a series of peaceful demonstrations against the controversial 'Fugitive Offenders Ordinance' escalated into violent clashes between protesters and police. Hundreds were injured, and over a thousand protesters were arrested on charges including assaulting police and unlawful assembly.",assault,general_lgbtiq,,,orientaldaily.com.my,20191212T104500Z,6,,single-source,,digitized
HIST_2001_UNK_148,15 07 2001,"Beijing, China",,,,,,"During the persecution of Falun Gong practitioners in China, including imprisonment, forced labor, and torture, the majority being Falun Gong practitioners, with over 83,000 registered cases in Beijing alone by April 2001.",assault,general_lgbtiq,,,minghui.org,20191209T094500Z,6,,single-source,,digitized
HIST_2019_UNK_149,29 11 2019,"Ecuadorian Botschaft, London",,,,,,"German journalists, along with doctors and lawyers, were reportedly spied on at the Ecuadorian Embassy in London, where Julian Assange was residing. The surveillance involved collecting personal information, copying passports, and installing hidden microphones. The collected data was allegedly shared with US authorities.",harassment,general_lgbtiq,,,wlz-online.de,20191129T153000Z,6,,single-source,,digitized
HIST_2019_UNK_150,29 11 2019,"Ecuadorian Botschaft, London",,,,,,"German journalists, including NDR employees, were reportedly spied on along with doctors and lawyers visiting Wikileaks founder Julian Assange at the Ecuadorian Embassy in London. Surveillance involved collecting personal data, copying passports, and installing hidden microphones. The collected information may have been shared with US authorities.",harassment,general_lgbtiq,,,hna.de,20191129T153000Z,6,,single-source,,digitized
HIST_2019_UNK_151,29 11 2019,"Ecuadorian Botschaft, London",,,,,,"German journalists, along with doctors and lawyers, were reportedly spied on at the Ecuadorian Embassy in London, where Julian Assange was residing. The surveillance involved collecting personal information, copying passports, and installing hidden microphones. The collected data was allegedly shared with US authorities.",harassment,general_lgbtiq,,,ovb-online.de,20191129T153000Z,6,,single-source,,digitized
HIST_2017_SA_152,24 04 2017,"Arnsdorf, Saxony",,,,,,"Schabas Saleh Al-Aziz, a 21-year-old Iraqi man, was found dead in a forest in Arnsdorf, Saxony. He had previously been assaulted and tied to a tree by four men in Arnsdorf. The incident raised suspicions of potential hate crime involvement due to the victim's background and the circumstances surrounding his death.",murder,general_lgbtiq,,,taz.de,20191015T163000Z,6,,single-source,,digitized
HIST_2019_UNK_153,07 10 2019,"旺角, Hong Kong",,,,,,"A violent incident occurred in Mong Kok, Hong Kong, where a group of masked individuals attacked people, including a TVB artist named Ma Tiulu, who was filming their illegal activities. Ma Tiulu was physically assaulted, resulting in injuries and bleeding. The attackers also targeted a taxi driver, causing severe injuries.",assault,general_lgbtiq,,,hkcd.com,20191007T051500Z,6,,single-source,,digitized
HIST_2024_UNK_154,16 10 2024,Not specified,,,,,,"Janne Puhakka, a former Finnish ice hockey professional who openly identified as gay, was found dead at the age of 29. His ex-partner is suspected of his murder.",murder,gay_man,,,news.de,20191218T220000Z,6,,single-source,,digitized
HIST_2019_UNK_155,15 12 2019,not specified,,,,,,"The article discusses the potential implications of the second draft religious discrimination bill, highlighting scenarios where individuals could express discriminatory religious beliefs towards others in various settings.",discrimination,unknown,,,veteranstoday.com,20191217T171500Z,6,,single-source,,digitized
HIST_2019_SA_156,27 10 2019,"Los Héroes Boulevard, San Salvador",,,,,,"Anahy Miranda Rivas, a 27-year-old transgender woman, was stabbed with a knife and dragged to death by unknown suspects in a vehicle in El Salvador. This incident is part of the increasing anti-LGBTQ hate crimes in the country.",murder,general_lgbtiq,,,windycitymediagroup.com,20191203T134500Z,6,,single-source,,digitized
HIST_2019_UNK_157,13 11 2019,not specified,,,,,,Hillary Clinton mentioned being the target of a pipe bomb and emphasized that intimidation by hate mongers undermines democracy and leads to authoritarianism.,threat,general_lgbtiq,,,roarnews.co.uk,20191116T210000Z,6,,single-source,,digitized
HIST_2019_UNK_158,15 11 2019,Not specified,,,,,,"Tina Dixson and her partner Renee, LGBTIQ+ advocates, faced serious threats in their home country in 2012, leading them to seek asylum in Australia for their survival.",threat,general_lgbtiq,,,sbs.com.au,20191115T071500Z,6,,single-source,,digitized
HIST_2000_UNK_159,25 12 2000,not specified,,,,,,"Over 150 retired military personnel in the UK claim they were discharged from the military due to their sexual orientation, with calls for compensation from the government. The ban on homosexuals serving in the military was lifted in the UK in 2000.",discrimination,general_lgbtiq,,,1688.com.au,20191226T220000Z,6,,single-source,,digitized
HIST_2019_UNK_160,24 12 2019,not specified,,,,,,"Ivo Šegota and Mladen Kožić, a same-sex couple, faced discrimination based on their sexual orientation when they were initially denied the right to foster children by the Croatian state. They took legal action and eventually won the right to be considered for fostering, setting a precedent for other same-sex couples facing similar discrimination.",discrimination,general_lgbtiq,,,novilist.hr,20191224T071500Z,6,,single-source,,digitized
HIST_2019_UNK_161,24 12 2019,not specified,,,,,,"Ivo Šegota and Mladen Kožić, a same-sex couple, faced discrimination based on their sexual orientation when they were initially denied the right to foster children by the Croatian state. They took legal action and eventually won the right to be considered as foster parents, setting a precedent for other same-sex couples facing similar discrimination in Croatian society.",discrimination,general_lgbtiq,,,novilist.hr,20191224T070000Z,6,,single-source,,digitized
HIST_2019_UNK_162,25 10 2019,Mauritius,North West Cape,,,-21.8098638,114.0939819,"Four young Mauritians from the LGBTQ community, along with the Collectif Arc-en-Ciel, filed a lawsuit in the Supreme Court to challenge the constitutionality of Article 250 of the Mauritian Penal Code, which criminalizes sodomy between consenting adults. The Young Queer Alliance is advocating for the repeal of this colonial-era law that imposes a five-year prison sentence for sodomy convictions.",discrimination,general_lgbtiq,,,5plus.mu,20191127T133000Z,6,,single-source,,digitized
HIST_2014_NT_163,15 02 2014,"St Louis County, Missouri",,,,,,"Sgt Keith Wildhaber was discriminated against by the police department in St Louis County, Missouri, for being gay. He was told to 'tone down the gayness' if he wanted a promotion, leading to a lawsuit and subsequent award of nearly $20 million in damages.",discrimination,gay_man,,,starobserver.com.au,20191030T034500Z,6,,single-source,,digitized
HIST_2019_NSW_164,01 01 2019,"Wagga Wagga, NSW",,,,-35.115,147.3677778,"A Chinese Australian supermarket owner in Wagga Wagga, NSW, was fined over $10,000 for discrimination after attempting to dismiss an Australian local employee and replace her with an Asian employee. The employee filed a complaint citing discrimination, leading to a ruling by the Fair Work Commission.",discrimination,unknown,,,1688.com.au,20191020T100000Z,6,,single-source,,digitized
HIST_2010_UNK_165,15 02 2010,"Long Island, New York",,,,,,"Donald Zarda, a sky-diving instructor, was fired by his employer after disclosing his sexual orientation to a female client. The client accused Zarda of inappropriate behavior and touching, leading to his dismissal.",discrimination,gay_man,,,mondaq.com,20191010T113000Z,6,,single-source,,digitized
HIST_2014_UNK_166,01 01 2014,"Long Island, New York",,,,,,"A gay skydiving instructor, Donald Zarda, was fired by Altitude Express in Long Island, N.Y., after revealing his sexual orientation to a female customer. The American Civil Liberties Union (ACLU) argued that Zarda was fired for disclosing his sexual orientation.",discrimination,gay_man,,,goqnotes.com,20191004T130000Z,6,,single-source,,digitized
HIST_2018_UNK_167,26 05 2018,"Obchodná ulica, Bratislava",,,,,,"Juraj Hossu attacked Henry Acord, a Filipino man, on Obchodná Street in Bratislava in the early morning hours of May 26, 2018, resulting in Acord's death a few days later.",assault,unknown,,,teraz.sk,20191228T073000Z,6,,single-source,,digitized
HIST_2019_UNK_168,31 12 2019,not specified,,,,,,"Five masseuses filed complaints against Patrick Bruel for harassment and sexual assault, leading to an investigation. Comedians made jokes about the situation during a comedy show.",harassment,unknown,,,journaldequebec.com,20191231T060000Z,6,,single-source,,digitized
HIST_2019_UNK_169,26 11 2019,"Kochi, Kerala",,,,,,"Bindu Ammini, a woman seeking entry into the Sabarimala Temple, was attacked with chilli spray near the city police commissioner's office by a man wearing a saffron dhoti. The attacker sprayed the substance on her face, causing harm.",assault,general_lgbtiq,,,newageislam.com,20191126T160000Z,6,,single-source,,digitized
HIST_2019_UNK_170,26 11 2019,"Kochi, Kerala",,,,,,"Bindu Ammini, a woman seeking entry into the Sabarimala Temple, was attacked with chilli spray near the city police commissioner's office. The attacker sprayed the substance on her face, causing harm, before fleeing the scene.",assault,general_lgbtiq,,,newageislam.com,20191126T120000Z,6,,single-source,,digitized
HIST_2019_UNK_171,06 04 2019,"Feni, Bangladesh",,,,,,"Nusrat Jahan Rafi, a 19-year-old girl, was burned alive on the roof of her school in Feni, Bangladesh, after refusing to withdraw a sexual harassment complaint against the headteacher. She died four days later with burns covering 80% of her body.",murder,general_lgbtiq,,,independent.co.uk,20191024T093000Z,6,,single-source,,digitized
HIST_2019_UNK_172,15 03 2019,"Christchurch, New Zealand",,,,,,"On 15th March 2019, a 28-year-old Australian white supremacist, Brenton Tarrant, attacked two mosques in Christchurch, New Zealand, during Friday prayers, live-streaming the massacre that resulted in 51 deaths and 50 injuries. Tarrant's extremist ideology aimed to create fear through the attack.",murder,general_lgbtiq,,,pulsoslp.com.mx,20191216T183000Z,6,,single-source,,digitized
HIST_2019_UNK_173,15 03 2019,"Christchurch, New Zealand",,,,,,"A 28-year-old Australian white supremacist, Brenton Tarrant, attacked two mosques in Christchurch, New Zealand, during Friday prayers, livestreaming the massacre on social media. The attack resulted in 51 deaths and 50 injuries, marking the deadliest terrorist attack in New Zealand's history.",murder,general_lgbtiq,,,eltiempo.com,20191216T173000Z,6,,single-source,,digitized
HIST_2019_UNK_174,15 03 2019,"Christchurch, New Zealand",,,,,,"On 15th March 2019, a 28-year-old Australian supremacist Brenton Tarrant attacked two mosques in Christchurch, New Zealand, killing 51 people and injuring 50. Tarrant live-streamed the attack on Facebook, targeting Muslims during Friday prayers.",murder,general_lgbtiq,,,diariolibre.com,20191216T154500Z,6,,single-source,,digitized
HIST_2019_UNK_175,13 12 2019,"Rio de Janeiro, Brazil",,,,,,"A radical Pentecostal group called the 'Soldiers of Jesus' targeted a spiritualist priest belonging to the Candomblé sect in Rio de Janeiro, Brazil. They ordered him to stop practicing his beliefs or be killed, reflecting a pattern of threats and violence against Brazil's non-Christian religious minorities by extremist evangelical groups.",threat,general_lgbtiq,,,getreligion.org,20191213T190000Z,6,,single-source,,digitized
HIST_2019_SA_176,11 10 2019,"Thessaloniki Street, Rentis",,,,,,"A group of 7-8 young individuals, accompanied by older individuals, have been targeting Pakistani migrants in Rentis, Thessaloniki Street. They have been attacking them with oranges, bottles, and stones at their homes, attempting to intimidate them. They also physically assault them on the street with sticks, uttering racist insults and threats.",assault,general_lgbtiq,,,ertopen.com,20191011T201500Z,6,,single-source,,digitized
HIST_2019_UNK_177,13 12 2019,not specified,,,,,,A gay rights activist filed a complaint against former rugby star Israel Folau for making statements vilifying homosexuals on social media and in a video sermon. The complaint was accepted by the Anti-Discrimination Board of NSW.,hate_speech,general_lgbtiq,,,sbs.com.au,20191213T084500Z,6,,single-source,,digitized
HIST_2019_UNK_178,13 12 2019,not specified,,,,,,"Former rugby star Israel Folau made public statements vilifying homosexuals, including warning about hell and linking natural disasters to same-sex marriage. A complaint was accepted by the Anti-Discrimination Board of NSW for incitement of contempt and hatred towards homosexual persons.",hate_speech,general_lgbtiq,,,thewest.com.au,20191213T061500Z,6,,single-source,,digitized
HIST_2019_UNK_179,02 12 2019,not specified,,,,,,Garry Burns complained to the Anti-Discrimination Board of NSW about Israel Folau's social media posts vilifying homosexuals and linking natural disasters to same-sex marriage. Burns argued that Folau's statements could incite contempt and hatred towards homosexual persons.,hate_speech,general_lgbtiq,,,sbs.com.au,20191202T033000Z,6,,single-source,,digitized
HIST_2019_UNK_180,02 12 2019,not specified,,,,,,"Gay rights activist filed a complaint against Israel Folau for making statements vilifying homosexuals and linking natural disasters to same-sex marriage, potentially inciting contempt and hatred towards homosexual persons.",hate_speech,general_lgbtiq,,,au.news.yahoo.com,20191202T004500Z,6,,single-source,,digitized
HIST_2019_UNK_181,01 12 2019,not specified,,,,,,"Gay rights campaigner demands apology and charity donation from ex-Wallaby Israel Folau for making homophobic statements linking natural disasters to gay marriage, potentially inciting contempt and hatred towards homosexual persons.",hate_speech,general_lgbtiq,,,dailymail.co.uk,20191201T230000Z,6,,single-source,,digitized
HIST_2019_UNK_182,01 12 2019,not specified,,,,,,"Garry Burns filed a complaint against Israel Folau for making homophobic statements on social media and in a video sermon, potentially inciting contempt and hatred towards homosexual persons. Burns expressed concerns about the impact on teenagers' mental health and self-esteem.",hate_speech,general_lgbtiq,,,9news.com.au,20191201T181500Z,6,,single-source,,digitized
HIST_2019_UNK_183,01 12 2019,not specified,,,,,,"Garry Burns filed a complaint against Israel Folau for making homophobic statements on social media and in a video sermon, potentially inciting contempt and hatred towards homosexual persons. Burns argued that Folau's comments could negatively impact teenagers' mental health.",hate_speech,general_lgbtiq,,,thewest.com.au,20191201T174500Z,6,,single-source,,digitized
HIST_2019_UNK_184,01 12 2019,Not specified,,,,,,"A complaint was filed against Israel Folau for 'homosexuality vilification' and linking natural disasters to same-sex marriage, potentially inciting contempt and hatred towards homosexual persons.",hate_speech,general_lgbtiq,,,perthnow.com.au,20191201T170000Z,6,,single-source,,digitized
HIST_2013_UNK_185,01 10 2013,not specified,,,,,,"Tess Corbett, a former political candidate, made discriminatory remarks comparing gays to paedophiles in 2013. This led to legal action by an anti-discrimination campaigner, resulting in a court finding of vilification against homosexuals.",discrimination,general_lgbtiq,,,starobserver.com.au,20191124T230000Z,6,,single-source,,digitized
HIST_2019_UNK_186,15 11 2019,not specified,,,,,,"John Murray Abbott challenges the NSW Anti-Discrimination Act 1977, claiming it infringes on his right to publicly vilify homosexuals based on his religious beliefs. He cites biblical references and misinformation about HIV/AIDS to support his argument.",discrimination,general_lgbtiq,,,starobserver.com.au,20191115T031500Z,6,,single-source,,digitized
HIST_2019_UNK_187,14 10 2019,not specified,,,,,,The article discusses concerns raised by the Victorian Equal Opportunity and Human Rights Commission regarding the potential harmful impact of the draft Religious Discrimination Bill on LGBTIQ people. It specifically highlights the clause that could permit homophobic and misogynistic abuse under the guise of 'religious expression'.,hate_speech,general_lgbtiq,,,starobserver.com.au,20191014T063000Z,6,,single-source,,digitized
HIST_2019_UNK_188,15 11 2019,not specified,,,,,,"The article reports that over 3/4 of business travelers have experienced harassment while traveling, with more than half changing their travel plans for safety reasons. It highlights concerns about personal safety during travel and discrimination faced by LGBTQ+ travelers.",harassment,general_lgbtiq,,,prnasia.com,20191125T234500Z,6,,single-source,,digitized
HIST_2019_UNK_189,15 10 2019,not specified,,,,,,"A study revealed that 95% of LGBTQ+ business travelers have hidden their sexual orientation during business trips, with 57% citing safety concerns as the main reason.",discrimination,general_lgbtiq,,,mittelstandcafe.de,20191030T141500Z,6,,single-source,,digitized
HIST_2019_UNK_190,30 10 2019,not specified,,,,,,"The article reports that 95% of LGBTQ+ travelers have hidden their sexual orientation on business trips, with safety concerns being the primary reason. Additionally, 85% have altered their travel plans due to safety worries, compared to 53% of non-LGBTQ+ colleagues.",discrimination,general_lgbtiq,,,finanznachrichten.de,20191030T140000Z,6,,single-source,,digitized
HIST_2019_UNK_191,03 10 2019,not specified,,,,,,"The article describes a proposed bill in Poland that criminalizes sexual education in schools, particularly targeting the LGBTQ+ community. The bill aims to prevent what it perceives as sexual depravity and demoralization, including promoting homosexuality and masturbation among students.",discrimination,general_lgbtiq,,,polityka.pl,20191003T163000Z,6,,single-source,,digitized
HIST_2019_UNK_192,11 11 2019,not specified,,,,,,"The article discusses the imbalance in legal protections favoring religious freedom over the rights of LGBTIQ citizens and other minorities in Australia. It highlights the impact of religious hostility and discrimination on vulnerable groups, including high suicide rates among LGBTIQ Australians.",discrimination,general_lgbtiq,,,sites.thomsonreuters.com.au,20191111T024500Z,6,,single-source,,digitized
HIST_2016_UNK_193,12 06 2016,"Orlando, Florida",,,,,,"A lone gunman who pledged allegiance to IS killed 49 people inside a gay nightclub in Orlando, Florida.",murder,general_lgbtiq,,,newageislam.com,20200101T110000Z,6,,single-source,,digitized
HIST_2016_UNK_194,12 06 2016,"Orlando, Florida",,,,,,"A lone gunman who pledged allegiance to IS killed 49 people inside a gay nightclub in Orlando, Florida.",murder,general_lgbtiq,,,newageislam.com,20191231T110000Z,6,,single-source,,digitized
HIST_2016_UNK_195,12 06 2016,"Orlando, Florida",,,,,,"A lone gunman who pledged allegiance to IS killed 49 people inside a gay nightclub in Orlando, Florida.",murder,general_lgbtiq,,,newageislam.com,20191231T104500Z,6,,single-source,,digitized
HIST_2019_WA_196,30 12 2019,"Perth, WA",,6000,,-31.9558967,115.8605784,"Margaret Court delivered a sermon at a Perth church where she condemned transgender athletes and transgender children, stating that being gay was 'a choice' and expressing opposition to LGBT issues.",hate_speech,general_lgbtiq,,,sbs.com.au,20191230T214500Z,6,,single-source,,digitized
HIST_2016_SA_197,12 06 2016,"Orlando, Florida, USA",,,,,,"In Orlando, Florida, USA, a lone gunman who pledged allegiance to IS killed 49 people inside a gay nightclub.",murder,general_lgbtiq,,,9news.com.au,20191230T000000Z,6,,single-source,,digitized
HIST_2019_UNK_198,05 12 2019,not specified,,,,,,A transgender woman was discriminated against by a gynaecologist who refused to provide treatment based on her gender identity. The incident led to a public outcry and legal actions.,discrimination,trans_woman,,,starobserver.com.au,20191205T041500Z,6,,single-source,,digitized
